GCA_000091165.1	FP565575.1_2091	Root; pmoA_amoA_pxmA; NC10	d__Bacteria;p__Methylomirabilota;c__Methylomirabilia;o__Methylomirabilales;f__Methylomirabilaceae;g__Methylomirabilis;s__Methylomirabilis oxygeniifera
GCA_000526255.1	JAFS01000001.1_1140	Root; pmoA_amoA_pxmA; Verrucomicrobia_pmoA	d__Bacteria;p__Verrucomicrobiota;c__Verrucomicrobiae;o__Methylacidiphilales;f__Methylacidiphilaceae;g__Methylacidimicrobium;s__Methylacidimicrobium sp000526255
GCA_000526255.1	JAFS01000001.1_1143	Root; pmoA_amoA_pxmA; Verrucomicrobia_pmoA	d__Bacteria;p__Verrucomicrobiota;c__Verrucomicrobiae;o__Methylacidiphilales;f__Methylacidiphilaceae;g__Methylacidimicrobium;s__Methylacidimicrobium sp000526255
GCA_000685825.1	JMKQ01000004.1_693	Root; pmoA_amoA_pxmA; Methylocystaceae_pmoA2	d__Bacteria;p__Pseudomonadota;c__Alphaproteobacteria;o__Rhizobiales;f__Beijerinckiaceae;g__Methylosinus;s__Methylosinus sp000685825
GCA_000685825.1	JMKQ01000006.1_1722	Root; pmoA_amoA_pxmA; Methylocystaceae_pmoA1	d__Bacteria;p__Pseudomonadota;c__Alphaproteobacteria;o__Rhizobiales;f__Beijerinckiaceae;g__Methylosinus;s__Methylosinus sp000685825
GCA_000685825.1	JMKQ01000006.1_776	Root; pmoA_amoA_pxmA; Methylocystaceae_pmoA1	d__Bacteria;p__Pseudomonadota;c__Alphaproteobacteria;o__Rhizobiales;f__Beijerinckiaceae;g__Methylosinus;s__Methylosinus sp000685825
GCA_000953475.1	LM997411.1_1082	Root; pmoA_amoA_pxmA; Verrucomicrobia_pmoA	d__Bacteria;p__Verrucomicrobiota;c__Verrucomicrobiae;o__Methylacidiphilales;f__Methylacidiphilaceae;g__Methylacidiphilum;s__Methylacidiphilum fumariolicum
GCA_000953475.1	LM997411.1_925	Root; pmoA_amoA_pxmA; Verrucomicrobia_pmoA	d__Bacteria;p__Verrucomicrobiota;c__Verrucomicrobiae;o__Methylacidiphilales;f__Methylacidiphilaceae;g__Methylacidiphilum;s__Methylacidiphilum fumariolicum
GCA_000953475.1	LM997411.1_928	Root; pmoA_amoA_pxmA; Verrucomicrobia_pmoA	d__Bacteria;p__Verrucomicrobiota;c__Verrucomicrobiae;o__Methylacidiphilales;f__Methylacidiphilaceae;g__Methylacidiphilum;s__Methylacidiphilum fumariolicum
GCA_001566965.1	LSNW01000012.1_2	Root; pmoA_amoA_pxmA; Gammaproteobacteria_pmoA; Methylococcaceae_pmoA	d__Bacteria;p__Pseudomonadota;c__Gammaproteobacteria;o__Methylococcales;f__Methylothermaceae;g__Methylohalobius;s__Methylohalobius sp001566965
GCA_001901525.1	MPSY01000086.1_2	Root; pmoA_amoA_pxmA; Gammaproteobacteria_pmoA; Methylococcaceae_pmoA	d__Bacteria;p__Pseudomonadota;c__Gammaproteobacteria;o__Methylococcales;f__Methylomonadaceae;g__OPU3-GD-OMZ;s__OPU3-GD-OMZ sp001901525
GCA_002007425.1	MUGK01000060.1_11	Root; pmoA_amoA_pxmA; Gammaproteobacteria_pmoA; USCg	d__Bacteria;p__Pseudomonadota;c__Gammaproteobacteria;o__JACCXJ01;f__JACCXJ01;g__USCg-Taylor;s__USCg-Taylor sp002007425
GCA_002083615.1	MSXO01000003.1_12	Root; pmoA_amoA_pxmA; pxmA; Methylococcaceae_pxmA	d__Bacteria;p__Pseudomonadota;c__Gammaproteobacteria;o__Methylococcales;f__Methylomonadaceae;g__Methylomonas;s__Methylomonas sp002083615
GCA_002083615.1	MSXO01000065.1_21	Root; pmoA_amoA_pxmA; Gammaproteobacteria_pmoA; Methylococcaceae_pmoA	d__Bacteria;p__Pseudomonadota;c__Gammaproteobacteria;o__Methylococcales;f__Methylomonadaceae;g__Methylomonas;s__Methylomonas sp002083615
GCA_002134785.1	MBQZ01000060.1_7	Root; pmoA_amoA_pxmA; Gammaproteobacteria_pmoA; Methylococcaceae_pmoA	d__Bacteria;p__Pseudomonadota;c__Gammaproteobacteria;o__Methylococcales;f__Methylomonadaceae;g__UBA4132;s__UBA4132 sp002134785
GCA_002256465.1	NQJG01000240.1_2	Root; pmoA_amoA_pxmA; Gammaproteobacteria_pmoA; Methylococcaceae_pmoA	d__Bacteria;p__Pseudomonadota;c__Gammaproteobacteria;o__Methylococcales;f__Methylomonadaceae;g__Methylobacter_C;s__Methylobacter_C sp002256465
GCA_002256685.1	NQJH01000020.1_5	Root; pmoA_amoA_pxmA; Gammaproteobacteria_pmoA; Methylococcaceae_pmoA	d__Bacteria;p__Pseudomonadota;c__Gammaproteobacteria;o__Methylococcales;f__Methylomonadaceae;g__UBA4132;s__UBA4132 sp002256685
GCA_002256705.1	NQJI01000187.1_5	Root; pmoA_amoA_pxmA; Gammaproteobacteria_pmoA; Methylococcaceae_pmoA	d__Bacteria;p__Pseudomonadota;c__Gammaproteobacteria;o__Methylococcales;f__Methylomonadaceae;g__Methylobacter_C;s__Methylobacter_C sp002256705
GCA_002299425.1	DBNW01000025.1_22	Root; pmoA_amoA_pxmA; Gammaproteobacteria_pmoA; Methylococcaceae_pmoA	d__Bacteria;p__Pseudomonadota;c__Gammaproteobacteria;o__Methylococcales;f__Methylomonadaceae;g__Methylovulum;s__Methylovulum sp002299425
GCA_002299495.1	DBNZ01000057.1_22	Root; pmoA_amoA_pxmA; Gammaproteobacteria_pmoA; Methylococcaceae_pmoA	d__Bacteria;p__Pseudomonadota;c__Gammaproteobacteria;o__Methylococcales;f__Methylomonadaceae;g__Methylovulum;s__Methylovulum sp002299495
GCA_002311285.1	DBZU01000013.1_5	Root; pmoA_amoA_pxmA; Gammaproteobacteria_pmoA; Methylococcaceae_pmoA	d__Bacteria;p__Chloroflexota;c__Dehalococcoidia;o__SAR202;f__UBA2962;g__UBA2962;s__UBA2962 sp002311285
GCA_002311315.1	DBZZ01000019.1_8	Root; pmoA_amoA_pxmA; Gammaproteobacteria_pmoA; Methylococcaceae_pmoA	d__Bacteria;p__Pseudomonadota;c__Gammaproteobacteria;o__Methylococcales;f__UBA1147;g__UBA1147;s__UBA1147 sp002311315
GCA_002380945.1	DFWO01000126.1_10	Root; pmoA_amoA_pxmA; pxmA	d__Bacteria;p__Pseudomonadota;c__Gammaproteobacteria;o__Methylococcales;f__Methylomonadaceae;g__UBA4132;s__UBA4132 sp002380945
GCA_002483425.1	DLHW01000009.1_8	Root; pmoA_amoA_pxmA; pxmA	d__Bacteria;p__Pseudomonadota;c__Gammaproteobacteria;o__Methylococcales;f__Methylomonadaceae;g__Methyloglobulus;s__Methyloglobulus sp002483425
GCA_002483425.1	DLHW01000032.1_3	Root; pmoA_amoA_pxmA; pxmA	d__Bacteria;p__Pseudomonadota;c__Gammaproteobacteria;o__Methylococcales;f__Methylomonadaceae;g__Methyloglobulus;s__Methyloglobulus sp002483425
GCA_002634395.1	NSJM01000092.1_1	Root; pmoA_amoA_pxmA; NC10	d__Bacteria;p__Methylomirabilota;c__Methylomirabilia;o__Methylomirabilales;f__Methylomirabilaceae;g__Methylomirabilis;s__Methylomirabilis sp002634395
GCA_002843155.1	PGZD01000011.1_13	Root; pmoA_amoA_pxmA; Gammaproteobacteria_pmoA; Methylococcaceae_pmoA	d__Bacteria;p__Pseudomonadota;c__Gammaproteobacteria;o__Methylococcales;f__Methylomonadaceae;g__PGZD01;s__PGZD01 sp002843155
GCA_002862095.1	PHSQ01000001.1_904	Root; pmoA_amoA_pxmA; Methylocystaceae_pmoA1	d__Bacteria;p__Pseudomonadota;c__Alphaproteobacteria;o__Rhizobiales;f__Beijerinckiaceae;g__Methylocystis;s__Methylocystis sp002862095
GCA_002862095.1	PHSQ01000004.1_169	Root; pmoA_amoA_pxmA; Methylocystaceae_pmoA1	d__Bacteria;p__Pseudomonadota;c__Alphaproteobacteria;o__Rhizobiales;f__Beijerinckiaceae;g__Methylocystis;s__Methylocystis sp002862095
GCA_002862125.1	PHSP01000003.1_64	Root; pmoA_amoA_pxmA; Gammaproteobacteria_pmoA; Methylococcaceae_pmoA	d__Bacteria;p__Pseudomonadota;c__Gammaproteobacteria;o__Methylococcales;f__Methylomonadaceae;g__Methylobacter_C;s__Methylobacter_C sp002862125
GCA_002862125.1	PHSP01000004.1_4	Root; pmoA_amoA_pxmA; pxmA; Methylococcaceae_pxmA	d__Bacteria;p__Pseudomonadota;c__Gammaproteobacteria;o__Methylococcales;f__Methylomonadaceae;g__Methylobacter_C;s__Methylobacter_C sp002862125
GCA_002890675.1	PEFW01000011.1_13	Root; pmoA_amoA_pxmA; pxmA; Alphaproteobacteria_pxmA	d__Bacteria;p__Pseudomonadota;c__Alphaproteobacteria;o__Rhizobiales;f__Beijerinckiaceae;g__Methylocella;s__Methylocella sp002890675
GCA_002890675.1	PEFW01000151.1_3	Root; pmoA_amoA_pxmA; Beijerinckiaceae_pmoA; USCa	d__Bacteria;p__Pseudomonadota;c__Alphaproteobacteria;o__Rhizobiales;f__Beijerinckiaceae;g__Methylocella;s__Methylocella sp002890675
GCA_002928495.1	PERF01000054.1_7	Root; pmoA_amoA_pxmA; Gammaproteobacteria_pmoA; Methylococcaceae_pmoA	d__Bacteria;p__Pseudomonadota;c__Gammaproteobacteria;o__Methylococcales;f__Methylomonadaceae;g__WM-3-3;s__WM-3-3 sp002928495
GCA_002928965.1	PERU01000010.1_38	Root; pmoA_amoA_pxmA; Gammaproteobacteria_pmoA; Methylococcaceae_pmoA	d__Bacteria;p__Pseudomonadota;c__Gammaproteobacteria;o__Methylococcales;f__Methylomonadaceae;g__Methylomonas;s__Methylomonas sp002928965
GCA_002929135.1	PESC01000024.1_3	Root; pmoA_amoA_pxmA; Gammaproteobacteria_pmoA; Methylococcaceae_pmoA	d__Bacteria;p__Pseudomonadota;c__Gammaproteobacteria;o__Methylococcales;f__Methylomonadaceae;g__Methylomonas;s__Methylomonas sp002929135
GCA_003104975.1	PQAM01000019.1_2	Root; pmoA_amoA_pxmA; NC10	d__Bacteria;p__Methylomirabilota;c__Methylomirabilia;o__Methylomirabilales;f__Methylomirabilaceae;g__Methylomirabilis;s__Methylomirabilis sp003104975
GCA_003105285.1	PQAN01000207.1_5	Root; pmoA_amoA_pxmA; Methylocystaceae_pmoA2	d__Bacteria;p__Pseudomonadota;c__Alphaproteobacteria;o__Rhizobiales;f__Beijerinckiaceae;g__Methylosinus;s__Methylosinus sp003105285
GCA_003105285.1	PQAN01000390.1_6	Root; pmoA_amoA_pxmA; Methylocystaceae_pmoA1	d__Bacteria;p__Pseudomonadota;c__Alphaproteobacteria;o__Rhizobiales;f__Beijerinckiaceae;g__Methylosinus;s__Methylosinus sp003105285
GCA_003134075.1	PLAI01000060.1_15	Root; pmoA_amoA_pxmA; Methylocystaceae_pmoA1	d__Bacteria;p__Pseudomonadota;c__Alphaproteobacteria;o__Rhizobiales;f__Beijerinckiaceae;g__Methylocystis;s__Methylocystis sp003134075
GCA_003134075.1	PLAI01000213.1_15	Root; pmoA_amoA_pxmA; pxmA; Alphaproteobacteria_pxmA	d__Bacteria;p__Pseudomonadota;c__Alphaproteobacteria;o__Rhizobiales;f__Beijerinckiaceae;g__Methylocystis;s__Methylocystis sp003134075
GCA_003134075.1	PLAI01000232.1_34	Root; pmoA_amoA_pxmA; Methylocystaceae_pmoA2	d__Bacteria;p__Pseudomonadota;c__Alphaproteobacteria;o__Rhizobiales;f__Beijerinckiaceae;g__Methylocystis;s__Methylocystis sp003134075
GCA_003152255.1	PLZT01000283.1_13	Root; pmoA_amoA_pxmA; pxmA; Alphaproteobacteria_pxmA	d__Bacteria;p__Pseudomonadota;c__Alphaproteobacteria;o__Rhizobiales;f__Beijerinckiaceae;g__Methylocystis;s__Methylocystis sp003152255
GCA_003152255.1	PLZT01000523.1_2	Root; pmoA_amoA_pxmA; Methylocystaceae_pmoA2	d__Bacteria;p__Pseudomonadota;c__Alphaproteobacteria;o__Rhizobiales;f__Beijerinckiaceae;g__Methylocystis;s__Methylocystis sp003152255
GCA_003152255.1	PLZT01000621.1_6	Root; pmoA_amoA_pxmA; Methylocystaceae_pmoA1	d__Bacteria;p__Pseudomonadota;c__Alphaproteobacteria;o__Rhizobiales;f__Beijerinckiaceae;g__Methylocystis;s__Methylocystis sp003152255
GCA_003153975.1	PMBZ01000109.1_11	Root; pmoA_amoA_pxmA; Hyphomicrobiaceae_pmoA	d__Bacteria;p__Pseudomonadota;c__Alphaproteobacteria;o__Rhizobiales;f__Rhodomicrobiaceae;g__Rhodomicrobium;s__Rhodomicrobium sp003153975
GCA_003155565.1	PMDM01000076.1_3	Root; pmoA_amoA_pxmA; pxmA; Methylococcaceae_pxmA	d__Bacteria;p__Pseudomonadota;c__Gammaproteobacteria;o__Methylococcales;f__Methylomonadaceae;g__Methyloglobulus;s__Methyloglobulus sp003155565
GCA_003158415.1	PMJA01000169.1_6	Root; pmoA_amoA_pxmA; Gammaproteobacteria_pmoA; Methylococcaceae_pmoA	d__Bacteria;p__Pseudomonadota;c__Gammaproteobacteria;o__Methylococcales;f__Methylomonadaceae;g__Methylobacter_C;s__Methylobacter_C sp003158415
GCA_003162995.1	PLUZ01000365.1_5	Root; pmoA_amoA_pxmA; pxmA; Alphaproteobacteria_pxmA	d__Bacteria;p__Pseudomonadota;c__Alphaproteobacteria;o__Rhizobiales;f__Beijerinckiaceae;g__Methylocella;s__Methylocella sp003162995
GCA_003162995.1	PLUZ01000456.1_12	Root; pmoA_amoA_pxmA; Beijerinckiaceae_pmoA; USCa	d__Bacteria;p__Pseudomonadota;c__Alphaproteobacteria;o__Rhizobiales;f__Beijerinckiaceae;g__Methylocella;s__Methylocella sp003162995
GCA_003242955.1	QJPH01000100.1_2	Root; pmoA_amoA_pxmA; Gammaproteobacteria_pmoA; Methylococcaceae_pmoA	d__Bacteria;p__Pseudomonadota;c__Gammaproteobacteria;o__Methylococcales;f__Methylococcaceae;g__Methylumidiphilus;s__Methylumidiphilus alinenensis
GCA_003244015.1	QHBR01000036.1_2	Root; pmoA_amoA_pxmA; Beijerinckiaceae_pmoA; USCa	d__Bacteria;p__Pseudomonadota;c__Alphaproteobacteria;o__Rhizobiales;f__Beijerinckiaceae;g__Methylocella;s__Methylocella sp003244015
GCA_003584865.1	QVQE01000114.1_14	Root; pmoA_amoA_pxmA; Gammaproteobacteria_pmoA; Methylococcaceae_pmoA	d__Bacteria;p__Pseudomonadota;c__Gammaproteobacteria;o__Methylococcales;f__Methylomonadaceae;g__Methylobacter_C;s__Methylobacter_C sp003584865
GCA_003666325.1	QPIL01000117.1_56	Root; pmoA_amoA_pxmA; Gammaproteobacteria_pmoA; Methylococcaceae_pmoA	d__Bacteria;p__Pseudomonadota;c__Gammaproteobacteria;o__Methylococcales;f__Methylomonadaceae;g__QPIN01;s__QPIN01 sp003666325
GCA_003666385.1	QPIN01000058.1_48	Root; pmoA_amoA_pxmA; Gammaproteobacteria_pmoA; Methylococcaceae_pmoA	d__Bacteria;p__Pseudomonadota;c__Gammaproteobacteria;o__Methylococcales;f__Methylomonadaceae;g__QPIN01;s__QPIN01 sp003666385
GCA_003932755.1	CP024202.1_1389	Root; pmoA_amoA_pxmA; Gammaproteobacteria_pmoA; Methylococcaceae_pmoA	d__Bacteria;p__Pseudomonadota;c__Gammaproteobacteria;o__Methylococcales;f__Methylomonadaceae;g__Methylotuvimicrobium;s__Methylotuvimicrobium sp003932755
GCA_003963405.1	RXIY01000034.1_2	Root; pmoA_amoA_pxmA; Methylocystaceae_pmoA1	d__Bacteria;p__Pseudomonadota;c__Alphaproteobacteria;o__Rhizobiales;f__Beijerinckiaceae;g__Methylocystis;s__Methylocystis sp003963405
GCA_003963405.1	RXIY01000082.1_9	Root; pmoA_amoA_pxmA; Homologous_MO	d__Bacteria;p__Pseudomonadota;c__Alphaproteobacteria;o__Rhizobiales;f__Beijerinckiaceae;g__Methylocystis;s__Methylocystis sp003963405
GCA_004168015.1	SEYW01000009.1_2	Root; pmoA_amoA_pxmA; Gammaproteobacteria_pmoA; Methylococcaceae_pmoA	d__Bacteria;p__Pseudomonadota;c__Gammaproteobacteria;o__Methylococcales;f__Methylococcaceae;g__Methylotetracoccus;s__Methylotetracoccus sp004168015
GCA_004299145.1	SCQD01000015.1_6	Root; pmoA_amoA_pxmA; Gammaproteobacteria_pmoA; Methylococcaceae_pmoA	d__Bacteria;p__Pseudomonadota;c__Gammaproteobacteria;o__Methylococcales;f__Methylococcaceae;g__Methylogaea;s__Methylogaea sp004299145
GCA_004299145.1	SCQD01000169.1_5	Root; pmoA_amoA_pxmA; pxmA	d__Bacteria;p__Pseudomonadota;c__Gammaproteobacteria;o__Methylococcales;f__Methylococcaceae;g__Methylogaea;s__Methylogaea sp004299145
GCA_004299305.1	SCPZ01000043.1_10	Root; pmoA_amoA_pxmA; Gammaproteobacteria_pmoA; Methylococcaceae_pmoA	d__Bacteria;p__Pseudomonadota;c__Gammaproteobacteria;o__Methylococcales;f__Methylomonadaceae;g__Methylobacter_A;s__Methylobacter_A sp004299305
GCA_004299465.1	SCST01000184.1_12	Root; pmoA_amoA_pxmA; Gammaproteobacteria_pmoA; Methylococcaceae_pmoA	d__Bacteria;p__Pseudomonadota;c__Gammaproteobacteria;o__Methylococcales;f__Methylomonadaceae;g__Methylovulum;s__Methylovulum sp004299465
GCA_004299465.1	SCST01000430.1_5	Root; pmoA_amoA_pxmA; pxmA; Methylococcaceae_pxmA	d__Bacteria;p__Pseudomonadota;c__Gammaproteobacteria;o__Methylococcales;f__Methylomonadaceae;g__Methylovulum;s__Methylovulum sp004299465
GCA_004564215.1	CP024846.1_1933	Root; pmoA_amoA_pxmA; Beijerinckiaceae_pmoA; USCa	d__Bacteria;p__Pseudomonadota;c__Alphaproteobacteria;o__Rhizobiales;f__Beijerinckiaceae;g__Methylocella;s__Methylocella sp004564215
GCA_005239965.1	SBAV01000119.1_1	Root; pmoA_amoA_pxmA; pxmA	d__Bacteria;p__Pseudomonadota;c__Gammaproteobacteria;o__Methylococcales;f__Methylomonadaceae;g__Crenothrix;s__Crenothrix sp005239965
GCA_005772825.1	SXIP01000021.1_16	Root; pmoA_amoA_pxmA; Gammaproteobacteria_pmoA; Methylococcaceae_pmoA	d__Bacteria;p__Pseudomonadota;c__Gammaproteobacteria;o__Methylococcales;f__Methylomonadaceae;g__SXIP01;s__SXIP01 sp005772825
GCA_005772825.1	SXIP01000231.1_16	Root; pmoA_amoA_pxmA; pxmA; Methylococcaceae_pxmA	d__Bacteria;p__Pseudomonadota;c__Gammaproteobacteria;o__Methylococcales;f__Methylomonadaceae;g__SXIP01;s__SXIP01 sp005772825
GCA_005779525.1	SXIZ01000110.1_5	Root; pmoA_amoA_pxmA; pxmA	d__Bacteria;p__Pseudomonadota;c__Gammaproteobacteria;o__Methylococcales;f__Methylomonadaceae;g__SXIZ01;s__SXIZ01 sp005779525
GCA_005792805.1	SXQV01000051.1_14	Root; pmoA_amoA_pxmA; Gammaproteobacteria_pmoA; Methylococcaceae_pmoA	d__Bacteria;p__Pseudomonadota;c__Gammaproteobacteria;o__Methylococcales;f__Methylococcaceae;g__UBA6136;s__UBA6136 sp005792805
GCA_006844585.1	SPJM01000341.1_27	Root; pmoA_amoA_pxmA; Gammaproteobacteria_pmoA; Methylococcaceae_pmoA	d__Bacteria;p__Pseudomonadota;c__Gammaproteobacteria;o__Methylococcales;f__Methylomonadaceae;g__Methylomarinum;s__Methylomarinum sp006844585
GCA_006844705.1	SPJS01000055.1_1	Root; pmoA_amoA_pxmA; pxmA	d__Bacteria;p__Pseudomonadota;c__Gammaproteobacteria;o__Methylococcales;f__Methylomonadaceae;g__Methylomarinum;s__Methylomarinum sp006844705
GCA_006844705.1	SPJS01000141.1_3	Root; pmoA_amoA_pxmA; pxmA	d__Bacteria;p__Pseudomonadota;c__Gammaproteobacteria;o__Methylococcales;f__Methylomonadaceae;g__Methylomarinum;s__Methylomarinum sp006844705
GCA_006844705.1	SPJS01000279.1_3	Root; pmoA_amoA_pxmA; pxmA	d__Bacteria;p__Pseudomonadota;c__Gammaproteobacteria;o__Methylococcales;f__Methylomonadaceae;g__Methylomarinum;s__Methylomarinum sp006844705
GCA_007280895.1	QYQN01000055.1_22	Root; pmoA_amoA_pxmA; Gammaproteobacteria_pmoA; Methylococcaceae_pmoA	d__Bacteria;p__Pseudomonadota;c__Gammaproteobacteria;o__Methylococcales;f__Methylomonadaceae;g__Methylovulum;s__Methylovulum sp007280895
GCA_009695535.1	SHZQ01000018.1_12	Root; pmoA_amoA_pxmA; Gammaproteobacteria_pmoA; Methylococcaceae_pmoA	d__Bacteria;p__Pseudomonadota;c__Gammaproteobacteria;o__Methylococcales;f__Methylomonadaceae;g__Methyloglobulus;s__Methyloglobulus sp009695535
GCA_009772935.1	WOUR01000095.1_2	Root; pmoA_amoA_pxmA; Methylocystaceae_pmoA1	d__Bacteria;p__Pseudomonadota;c__Alphaproteobacteria;o__Reyranellales;f__Reyranellaceae;g__Reyranella;s__Reyranella sp009772935
GCA_009917815.1	RGER01000206.1_2	Root; pmoA_amoA_pxmA; Methylocystaceae_pmoA1	d__Bacteria;p__Actinomycetota;c__Actinomycetes;o__Nanopelagicales;f__Nanopelagicaceae;g__GCA-2737595;s__GCA-2737595 sp009917815
GCA_009918865.1	RGCY01000184.1_1	Root; pmoA_amoA_pxmA; Methylocystaceae_pmoA1	d__Bacteria;p__Actinomycetota;c__Actinomycetes;o__S36-B12;f__UBA5976;g__RFTO01;s__RFTO01 sp009918865
GCA_009925045.1	RFQK01000078.1_2	Root; pmoA_amoA_pxmA; Gammaproteobacteria_pmoA; Methylococcaceae_pmoA	d__Bacteria;p__Pseudomonadota;c__Gammaproteobacteria;o__Methylococcales;f__Methylomonadaceae;g__Methylomonas;s__Methylomonas sp009925045
GCA_012960135.1	DUBW01000046.1_40	Root; pmoA_amoA_pxmA; Gammaproteobacteria_pmoA; Methylococcaceae_pmoA	d__Bacteria;p__Pseudomonadota;c__Gammaproteobacteria;o__Methylococcales;f__Methylomonadaceae;g__Methyloprofundus;s__Methyloprofundus sp012960135
GCA_012965425.1	DTSI01000112.1_8	Root; pmoA_amoA_pxmA; Gammaproteobacteria_pmoA; Methylococcaceae_pmoA	d__Bacteria;p__Pseudomonadota;c__Gammaproteobacteria;o__Methylococcales;f__Methylomonadaceae;g__OPU3-GD-OMZ;s__OPU3-GD-OMZ sp012965425
GCA_013140405.1	JABFSV010000039.1_2	Root; pmoA_amoA_pxmA; pxmA	d__Bacteria;p__Pseudomonadota;c__Gammaproteobacteria;o__Methylococcales;f__Methylomonadaceae;g__Methyloglobulus;s__Methyloglobulus sp013140405
GCA_013140405.1	JABFSV010000251.1_3	Root; pmoA_amoA_pxmA; Gammaproteobacteria_pmoA; Methylococcaceae_pmoA	d__Bacteria;p__Pseudomonadota;c__Gammaproteobacteria;o__Methylococcales;f__Methylomonadaceae;g__Methyloglobulus;s__Methyloglobulus sp013140405
GCA_013140465.1	JABFST010000082.1_6	Root; pmoA_amoA_pxmA; Gammaproteobacteria_pmoA; Methylococcaceae_pmoA	d__Bacteria;p__Pseudomonadota;c__Gammaproteobacteria;o__Methylococcales;f__Methylomonadaceae;g__Methylobacter_C;s__Methylobacter_C sp013140465
GCA_013140705.1	JABFSH010000008.1_7	Root; pmoA_amoA_pxmA; pxmA	d__Bacteria;p__Pseudomonadota;c__Gammaproteobacteria;o__Methylococcales;f__Methylomonadaceae;g__JABFSH01;s__JABFSH01 sp013140705
GCA_013140705.1	JABFSH010000020.1_69	Root; pmoA_amoA_pxmA; Gammaproteobacteria_pmoA; Methylococcaceae_pmoA	d__Bacteria;p__Pseudomonadota;c__Gammaproteobacteria;o__Methylococcales;f__Methylomonadaceae;g__JABFSH01;s__JABFSH01 sp013140705
GCA_013140705.1	JABFSH010000039.1_4	Root; pmoA_amoA_pxmA; pxmA	d__Bacteria;p__Pseudomonadota;c__Gammaproteobacteria;o__Methylococcales;f__Methylomonadaceae;g__JABFSH01;s__JABFSH01 sp013140705
GCA_013141155.1	JABFRM010000011.1_19	Root; pmoA_amoA_pxmA; Gammaproteobacteria_pmoA; Methylococcaceae_pmoA	d__Bacteria;p__Pseudomonadota;c__Gammaproteobacteria;o__Methylococcales;f__Methylomonadaceae;g__SXIZ01;s__SXIZ01 sp013141155
GCA_013141155.1	JABFRM010000099.1_4	Root; pmoA_amoA_pxmA; pxmA	d__Bacteria;p__Pseudomonadota;c__Gammaproteobacteria;o__Methylococcales;f__Methylomonadaceae;g__SXIZ01;s__SXIZ01 sp013141155
GCA_013141375.1	JABFRC010000052.1_3	Root; pmoA_amoA_pxmA; Gammaproteobacteria_pmoA; Methylococcaceae_pmoA	d__Bacteria;p__Pseudomonadota;c__Gammaproteobacteria;o__Methylococcales;f__Methylomonadaceae;g__JABFRC01;s__JABFRC01 sp013141375
GCA_013141505.1	JABFQX010000023.1_55	Root; pmoA_amoA_pxmA; Gammaproteobacteria_pmoA; Methylococcaceae_pmoA	d__Bacteria;p__Pseudomonadota;c__Gammaproteobacteria;o__Methylococcales;f__Methylomonadaceae;g__Methyloglobulus;s__Methyloglobulus sp013141505
GCA_013141505.1	JABFQX010000073.1_28	Root; pmoA_amoA_pxmA; pxmA	d__Bacteria;p__Pseudomonadota;c__Gammaproteobacteria;o__Methylococcales;f__Methylomonadaceae;g__Methyloglobulus;s__Methyloglobulus sp013141505
GCA_013697045.1	JACCXJ010000108.1_1	Root; pmoA_amoA_pxmA; Gammaproteobacteria_pmoA; USCg	d__Bacteria;p__Pseudomonadota;c__Gammaproteobacteria;o__JACCXJ01;f__JACCXJ01;g__JACCXJ01;s__JACCXJ01 sp013697045
GCA_014191975.1	BJHG01000003.1_53	Root; pmoA_amoA_pxmA; Gammaproteobacteria_pmoA; Methylococcaceae_pmoA	d__Bacteria;p__Pseudomonadota;c__Gammaproteobacteria;o__Methylococcales;f__Methylomonadaceae;g__UBA10906;s__UBA10906 sp014191975
GCA_014859375.1	JACUUH010000074.1_2	Root; pmoA_amoA_pxmA; Gammaproteobacteria_pmoA; Methylococcaceae_pmoA	d__Bacteria;p__Pseudomonadota;c__Gammaproteobacteria;o__Nitrosococcales;f__Methylophagaceae;g__GCA-002733105;s__GCA-002733105 sp014859375
GCA_014859465.1	JACUUF010000034.1_6	Root; pmoA_amoA_pxmA; Gammaproteobacteria_pmoA; Methylococcaceae_pmoA	d__Bacteria;p__Pseudomonadota;c__Gammaproteobacteria;o__Methylococcales;f__Methylomonadaceae;g__Methyloprofundus;s__Methyloprofundus sp014859465
GCA_016177005.1	JACOWC010000148.1_19	Root; pmoA_amoA_pxmA; Methylocystaceae_pmoA2	d__Bacteria;p__Pseudomonadota;c__Alphaproteobacteria;o__Rhizobiales;f__Beijerinckiaceae;g__Methylocystis;s__Methylocystis sp016177005
GCA_016178015.1	JACOUB010000019.1_17	Root; pmoA_amoA_pxmA	d__Bacteria;p__Pseudomonadota;c__Alphaproteobacteria;o__Rhizobiales;f__Beijerinckiaceae;g__Methylosinus;s__Methylosinus sp016178015
GCA_016178015.1	JACOUB010000048.1_9	Root; pmoA_amoA_pxmA; Methylocystaceae_pmoA2	d__Bacteria;p__Pseudomonadota;c__Alphaproteobacteria;o__Rhizobiales;f__Beijerinckiaceae;g__Methylosinus;s__Methylosinus sp016178015
GCA_016592635.1	AP023240.1_114	Root; pmoA_amoA_pxmA; Gammaproteobacteria_pmoA; Methylococcaceae_pmoA	d__Bacteria;p__Pseudomonadota;c__Gammaproteobacteria;o__Methylococcales;f__Methylomonadaceae;g__Methyloprofundus;s__Methyloprofundus sp016592635
GCA_016715325.1	JADKAL010000006.1_99	Root; pmoA_amoA_pxmA; pxmA	d__Bacteria;p__Pseudomonadota;c__Gammaproteobacteria;o__Methylococcales;f__Methylomonadaceae;g__Methyloglobulus;s__Methyloglobulus sp016715325
GCA_016715325.1	JADKAL010000014.1_431	Root; pmoA_amoA_pxmA; Gammaproteobacteria_pmoA; Methylococcaceae_pmoA	d__Bacteria;p__Pseudomonadota;c__Gammaproteobacteria;o__Methylococcales;f__Methylomonadaceae;g__Methyloglobulus;s__Methyloglobulus sp016715325
GCA_016784875.1	JADHTX010000023.1_6	Root; pmoA_amoA_pxmA; Gammaproteobacteria_pmoA; Methylococcaceae_pmoA	d__Bacteria;p__Pseudomonadota;c__Gammaproteobacteria;o__Methylococcales;f__Methylomonadaceae;g__Methylobacter_A;s__Methylobacter_A sp016784875
GCA_016869555.1	VGDY01000077.1_10	Root; pmoA_amoA_pxmA; Methylocystaceae_pmoA2	d__Bacteria;p__Pseudomonadota;c__Alphaproteobacteria;o__Rhizobiales;f__Beijerinckiaceae;g__Methylocystis;s__Methylocystis sp016869555
GCA_016869555.1	VGDY01000242.1_2	Root; pmoA_amoA_pxmA; Methylocystaceae_pmoA2	d__Bacteria;p__Pseudomonadota;c__Alphaproteobacteria;o__Rhizobiales;f__Beijerinckiaceae;g__Methylocystis;s__Methylocystis sp016869555
GCA_016869595.1	VGDT01000020.1_54	Root; pmoA_amoA_pxmA; Methylocystaceae_pmoA2	d__Bacteria;p__Pseudomonadota;c__Alphaproteobacteria;o__Rhizobiales;f__Beijerinckiaceae;g__Methylocystis;s__Methylocystis sp016869595
GCA_016874115.1	VGVA01000066.1_8	Root; pmoA_amoA_pxmA; Gammaproteobacteria_pmoA; Methylococcaceae_pmoA	d__Bacteria;p__Pseudomonadota;c__Gammaproteobacteria;o__Methylococcales;f__Methylomonadaceae;g__Methyloglobulus;s__Methyloglobulus sp016874115
GCA_016919605.1	JACXTQ010000254.1_29	Root; pmoA_amoA_pxmA; Gammaproteobacteria_pmoA; Methylococcaceae_pmoA	d__Bacteria;p__Pseudomonadota;c__Gammaproteobacteria;o__Methylococcales;f__Methylomonadaceae;g__Methylovulum;s__Methylovulum sp016919605
GCA_016932295.1	JAFGDC010000111.1_6	Root; pmoA_amoA_pxmA; Gammaproteobacteria_pmoA; Methylococcaceae_pmoA	d__Bacteria;p__CSSED10-310;c__CSSED10-310;o__JAFGDC01;f__JAFGDC01;g__JAFGDC01;s__JAFGDC01 sp016932295
GCA_017353815.1	JAFMSB010000011.1_8	Root; pmoA_amoA_pxmA; Beijerinckiaceae_pmoA; USCa	d__Bacteria;p__Pseudomonadota;c__Alphaproteobacteria;o__Rhizobiales;f__Beijerinckiaceae;g__Methylocella;s__Methylocella sp017353815
GCA_018333785.1	JAGXSU010000062.1_20	Root; pmoA_amoA_pxmA; Gammaproteobacteria_pmoA; Methylococcaceae_pmoA	d__Bacteria;p__Pseudomonadota;c__Gammaproteobacteria;o__Methylococcales;f__Methylomonadaceae;g__Methylicorpusculum;s__Methylicorpusculum sp018333785
GCA_018830325.1	JAHJSQ010000040.1_2	Root; pmoA_amoA_pxmA; Gammaproteobacteria_pmoA; Methylococcaceae_pmoA	d__Bacteria;p__Pseudomonadota;c__Gammaproteobacteria;o__Methylococcales;f__Methylomonadaceae;g__Methylotuvimicrobium;s__Methylotuvimicrobium sp018830325
GCA_020996635.1	JAJJBE010000051.1_24	Root; pmoA_amoA_pxmA; Gammaproteobacteria_pmoA; Methylococcaceae_pmoA	d__Bacteria;p__Pseudomonadota;c__Gammaproteobacteria;o__Methylococcales;f__Methylomonadaceae;g__Methyloprofundus;s__Methyloprofundus sp020996635
GCA_021647145.1	JAKIVF010000007.1_3	Root; pmoA_amoA_pxmA; Gammaproteobacteria_pmoA; Methylococcaceae_pmoA	d__Bacteria;p__Pseudomonadota;c__Gammaproteobacteria;o__Methylococcales;f__Methylomonadaceae;g__QPIN01;s__QPIN01 sp021647145
GCA_021647585.1	JAKIUK010000001.1_117	Root; pmoA_amoA_pxmA; Gammaproteobacteria_pmoA; Methylococcaceae_pmoA	d__Bacteria;p__Pseudomonadota;c__Gammaproteobacteria;o__Methylococcales;f__Methylomonadaceae;g__QPIN01;s__QPIN01 sp021647585
GCA_021731565.1	JAKFXD010000102.1_20	Root; pmoA_amoA_pxmA; Methylocystaceae_pmoA2	d__Bacteria;p__Pseudomonadota;c__Alphaproteobacteria;o__Rhizobiales;f__Beijerinckiaceae;g__Methylocystis;s__Methylocystis sp021731565
GCA_022843405.1	JALHNQ010000067.1_10	Root; pmoA_amoA_pxmA; Methylocystaceae_pmoA1	d__Bacteria;p__Pseudomonadota;c__Alphaproteobacteria;o__Rhizobiales;f__Beijerinckiaceae;g__Methylocystis;s__Methylocystis sp022843405
GCA_022843525.1	JALHNR010000249.1_6	Root; pmoA_amoA_pxmA; pxmA; Alphaproteobacteria_pxmA	d__Bacteria;p__Pseudomonadota;c__Alphaproteobacteria;o__Rhizobiales;f__Beijerinckiaceae;g__Methylocystis;s__Methylocystis sp022843525
GCA_023134955.1	JAGLUC010000409.1_8	Root; pmoA_amoA_pxmA; Gammaproteobacteria_pmoA; Methylococcaceae_pmoA	d__Bacteria;p__Pseudomonadota;c__Gammaproteobacteria;o__Methylococcales;f__Methylomonadaceae;g__QPIN01;s__QPIN01 sp023134955
GCA_023144875.1	JAGLEW010000071.1_5	Root; pmoA_amoA_pxmA; Gammaproteobacteria_pmoA; Methylococcaceae_pmoA	d__Bacteria;p__Pseudomonadota;c__Gammaproteobacteria;o__Methylococcales;f__Methylomonadaceae;g__WTBX01;s__WTBX01 sp023144875
GCA_023145835.1	JAGLDH010000132.1_3	Root; pmoA_amoA_pxmA; Gammaproteobacteria_pmoA; Methylococcaceae_pmoA	d__Bacteria;p__Pseudomonadota;c__Gammaproteobacteria;o__Methylococcales;f__Methylomonadaceae;g__QPIN01;s__QPIN01 sp023145835
GCA_023146575.1	JAGLBU010000118.1_4	Root; pmoA_amoA_pxmA; Gammaproteobacteria_pmoA; Methylococcaceae_pmoA	d__Bacteria;p__Pseudomonadota;c__Gammaproteobacteria;o__Methylococcales;f__Methylomonadaceae;g__WTBX01;s__WTBX01 sp023146575
GCA_023229605.1	JALNYY010000011.1_2	Root; pmoA_amoA_pxmA; Gammaproteobacteria_pmoA; Methylococcaceae_pmoA	d__Bacteria;p__Pseudomonadota;c__Gammaproteobacteria;o__Methylococcales;f__Methylomonadaceae;g__Methylobacter_A;s__Methylobacter_A sp023229605
GCA_023249055.1	JAHFDH010000148.1_4	Root; pmoA_amoA_pxmA; NC10	d__Bacteria;p__Methylomirabilota;c__Methylomirabilia;o__Methylomirabilales;f__Methylomirabilaceae;g__Methylomirabilis;s__Methylomirabilis sp023249055
GCA_023253795.1	JALRFG010000052.1_8	Root; pmoA_amoA_pxmA; Methylocystaceae_pmoA1	d__Bacteria;p__Pseudomonadota;c__Alphaproteobacteria;o__Rhizobiales;f__Beijerinckiaceae;g__Methylocystis;s__Methylocystis sp023253795
GCA_024276805.1	JAJRWJ010000112.1_8	Root; pmoA_amoA_pxmA; Gammaproteobacteria_pmoA; Methylococcaceae_pmoA	d__Bacteria;p__Pseudomonadota;c__Gammaproteobacteria;o__Methylococcales;f__Methylomonadaceae;g__JANEMG01;s__JANEMG01 sp024276805
GCA_024277935.1	JAJRUF010000018.1_6	Root; pmoA_amoA_pxmA; Gammaproteobacteria_pmoA; Methylococcaceae_pmoA	d__Bacteria;p__Pseudomonadota;c__Gammaproteobacteria;o__Methylococcales;f__Methylomonadaceae;g__QPIN01;s__QPIN01 sp024277935
GCA_024506175.1	JAMBEQ010000192.1_22	Root; pmoA_amoA_pxmA; Methylocystaceae_pmoA2	d__Bacteria;p__Pseudomonadota;c__Alphaproteobacteria;o__Rhizobiales;f__Beijerinckiaceae;g__Methylocystis;s__Methylocystis sp024506175
GCA_024511045.1	JANEMG010000034.1_5	Root; pmoA_amoA_pxmA; Gammaproteobacteria_pmoA; Methylococcaceae_pmoA	d__Bacteria;p__Pseudomonadota;c__Gammaproteobacteria;o__Methylococcales;f__Methylomonadaceae;g__JANEMG01;s__JANEMG01 sp024511045
GCA_024636505.1	JAGXGY010000003.1_20	Root; pmoA_amoA_pxmA; Gammaproteobacteria_pmoA; Methylococcaceae_pmoA	d__Bacteria;p__Pseudomonadota;c__Gammaproteobacteria;o__Methylococcales;f__Methylomonadaceae;g__Methylobacter_A;s__Methylobacter_A sp024636505
GCA_024958995.1	JANXGZ010000337.1_3	Root; pmoA_amoA_pxmA; Gammaproteobacteria_pmoA; Methylococcaceae_pmoA	d__Bacteria;p__Pseudomonadota;c__Gammaproteobacteria;o__Methylococcales;f__UBA1147;g__UBA1147;s__UBA1147 sp024958995
GCA_025357235.1	JANXPQ010000231.1_16	Root; pmoA_amoA_pxmA; Homologous_MO	d__Bacteria;p__Pseudomonadota;c__Gammaproteobacteria;o__Burkholderiales;f__JACQAP01;g__JACQAP01;s__JACQAP01 sp025357235
GCA_025361585.1	JANYKK010000040.1_10	Root; pmoA_amoA_pxmA; Gammaproteobacteria_pmoA; Methylococcaceae_pmoA	d__Bacteria;p__Pseudomonadota;c__Gammaproteobacteria;o__Methylococcales;f__Methylomonadaceae;g__Methylobacter_A;s__Methylobacter_A sp025361585
GCA_025459035.1	JALORJ010000074.1_9	Root; pmoA_amoA_pxmA; Homologous_MO	d__Bacteria;p__Pseudomonadota;c__Gammaproteobacteria;o__Burkholderiales;f__Ga0077523;g__Ga0077523;s__Ga0077523 sp025459035
GCA_025923175.1	JAICGL010000017.1_10	Root; Homologous_pmoA	d__Bacteria;p__Actinomycetota;c__Acidimicrobiia;o__IMCC26256;f__BP-133;g__BP-133;s__BP-133 sp025923175
GCA_025929005.1	JAICND010000268.1_3	Root; Homologous_pmoA	d__Bacteria;p__Actinomycetota;c__Acidimicrobiia;o__UBA5794;f__ZC4RG35;g__JAICND01;s__JAICND01 sp025929005
GCA_026398935.1	JAPLRW010000270.1_23	Root; pmoA_amoA_pxmA; Gammaproteobacteria_pmoA; Methylococcaceae_pmoA	d__Bacteria;p__Pseudomonadota;c__Gammaproteobacteria;o__Methylococcales;f__Methylomonadaceae;g__SXIZ01;s__SXIZ01 sp026398935
GCA_026399015.1	JAPLRS010000019.1_49	Root; pmoA_amoA_pxmA; Gammaproteobacteria_pmoA; Methylococcaceae_pmoA	d__Bacteria;p__Pseudomonadota;c__Gammaproteobacteria;o__Methylococcales;f__Methylomonadaceae;g__Methylobacter_C;s__Methylobacter_C sp026399015
GCA_026399025.1	JAPLRU010000105.1_85	Root; pmoA_amoA_pxmA; Gammaproteobacteria_pmoA; Methylococcaceae_pmoA	d__Bacteria;p__Pseudomonadota;c__Gammaproteobacteria;o__Methylococcales;f__Methylomonadaceae;g__Methylobacter_A;s__Methylobacter_A sp026399025
GCA_026399025.1	JAPLRU010000120.1_1	Root; pmoA_amoA_pxmA; pxmA; Methylococcaceae_pxmA	d__Bacteria;p__Pseudomonadota;c__Gammaproteobacteria;o__Methylococcales;f__Methylomonadaceae;g__Methylobacter_A;s__Methylobacter_A sp026399025
GCA_026399075.1	JAPLRR010000038.1_104	Root; pmoA_amoA_pxmA; Gammaproteobacteria_pmoA; Methylococcaceae_pmoA	d__Bacteria;p__Pseudomonadota;c__Gammaproteobacteria;o__Methylococcales;f__Methylomonadaceae;g__Methylobacter_C;s__Methylobacter_C sp026399075
GCA_026399095.1	JAPLRP010000019.1_25	Root; pmoA_amoA_pxmA; Gammaproteobacteria_pmoA; Methylococcaceae_pmoA	d__Bacteria;p__Pseudomonadota;c__Gammaproteobacteria;o__Methylococcales;f__Methylomonadaceae;g__Methylobacter_C;s__Methylobacter_C sp026399095
GCA_026399895.1	JAPLQC010000031.1_4	Root; pmoA_amoA_pxmA; Homologous_MO	d__Bacteria;p__Pseudomonadota;c__Gammaproteobacteria;o__Burkholderiales;f__Burkholderiaceae;g__SYFN01;s__SYFN01 sp026399895
GCA_026415315.1	JAOAHI010000003.1_93	Root; pmoA_amoA_pxmA; Gammaproteobacteria_pmoA; Methylococcaceae_pmoA	d__Bacteria;p__Pseudomonadota;c__Gammaproteobacteria;o__Methylococcales;f__Methylothermaceae;g__Methylohalobius;s__Methylohalobius sp026415315
GCA_026710545.1	JAPOQU010000096.1_22	Root; pmoA_amoA_pxmA	d__Bacteria;p__Pseudomonadota;c__Gammaproteobacteria;o__UBA4486;f__UBA4486;g__JAAXHV01;s__JAAXHV01 sp026710545
GCA_026982635.1	JALSGR010000282.1_2	Root; pmoA_amoA_pxmA; Gammaproteobacteria_pmoA; Methylococcaceae_pmoA	d__Bacteria;p__Pseudomonadota;c__Gammaproteobacteria;o__Methylococcales;f__Methylothermaceae;g__Methylohalobius;s__Methylohalobius sp026982635
GCA_026985035.1	JALSQY010000395.1_2	Root; pmoA_amoA_pxmA; Gammaproteobacteria_pmoA; Methylococcaceae_pmoA	d__Bacteria;p__Pseudomonadota;c__Gammaproteobacteria;o__Methylococcales;f__Methylothermaceae;g__Methylohalobius;s__Methylohalobius sp026985035
GCA_026988155.1	JALSLW010000059.1_43	Root; pmoA_amoA_pxmA; Gammaproteobacteria_pmoA; Methylococcaceae_pmoA	d__Bacteria;p__Pseudomonadota;c__Gammaproteobacteria;o__Methylococcales;f__Methylomonadaceae;g__QPIN01;s__QPIN01 sp026988155
GCA_026989395.1	JALSJK010000139.1_2	Root; pmoA_amoA_pxmA; Gammaproteobacteria_pmoA; Methylococcaceae_pmoA	d__Bacteria;p__Pseudomonadota;c__Gammaproteobacteria;o__Methylococcales;f__Methylomonadaceae;g__JALSJK01;s__JALSJK01 sp026989395
GCA_026989715.1	JALSIU010000073.1_6	Root; pmoA_amoA_pxmA; Gammaproteobacteria_pmoA; Methylococcaceae_pmoA	d__Bacteria;p__Pseudomonadota;c__Gammaproteobacteria;o__Methylococcales;f__Methylomonadaceae;g__Methyloprofundus;s__Methyloprofundus sp026989715
GCA_026990815.1	JALXCS010000032.1_1	Root; pmoA_amoA_pxmA; Gammaproteobacteria_pmoA; Methylococcaceae_pmoA	d__Bacteria;p__Pseudomonadota;c__Gammaproteobacteria;o__Methylococcales;f__Methylomonadaceae;g__JALSJK01;s__JALSJK01 sp026990815
GCA_027024125.1	JALVSV010000243.1_4	Root; pmoA_amoA_pxmA; Gammaproteobacteria_pmoA; Methylococcaceae_pmoA	d__Bacteria;p__Pseudomonadota;c__Gammaproteobacteria;o__Methylococcales;f__Methylothermaceae;g__Methylohalobius;s__Methylohalobius sp027024125
GCA_027317185.1	DAHVFB010000007.1_29	Root; Homologous_pmoA; Homologous_Binatales	d__Bacteria;p__Desulfobacterota_B;c__Binatia;o__Binatales;f__Binataceae;g__JAJPIG01;s__JAJPIG01 sp027317185
GCA_027618655.1	JAQCEL010000072.1_21	Root; pmoA_amoA_pxmA	d__Bacteria;p__Pseudomonadota;c__Gammaproteobacteria;o__Ga0077536;f__Ga0077536;g__UBA11873;s__UBA11873 sp027618655
GCA_028284525.1	JANQRO010000174.1_5	Root; pmoA_amoA_pxmA	d__Bacteria;p__Myxococcota_A;c__UBA9160;o__UBA9160;f__PR03;g__JANQRO01;s__JANQRO01 sp028284525
GCA_028287605.1	JAQBPI010000116.1_6	Root; Homologous_pmoA	d__Bacteria;p__Chloroflexota;c__Dormibacteria;o__UBA8260;f__UBA8260;g__CF-96;s__CF-96 sp028287605
GCA_028571885.1	JAPVVU010000272.1_4	Root; pmoA_amoA_pxmA; Gammaproteobacteria_pmoA; Methylococcaceae_pmoA	d__Bacteria;p__Pseudomonadota;c__Gammaproteobacteria;o__GRL18;f__GRL18;g__GRL18;s__GRL18 sp028571885
GCA_028599115.1	JAQRMR010000058.1_17	Root; pmoA_amoA_pxmA; Gammaproteobacteria_pmoA; Methylococcaceae_pmoA	d__Bacteria;p__Pseudomonadota;c__Gammaproteobacteria;o__Methylococcales;f__Methylomonadaceae;g__Methyloprofundus;s__Methyloprofundus sp028599115
GCA_028687155.1	JAQUAR010000198.1_2	Root; pmoA_amoA_pxmA; Verrucomicrobia_pmoA	d__Bacteria;p__Verrucomicrobiota;c__Verrucomicrobiae;o__Methylacidiphilales;f__Methylacidiphilaceae;g__Methylacidimicrobium;s__Methylacidimicrobium sp028687155
GCA_028688525.1	JAQTYA010000031.1_31	Root; pmoA_amoA_pxmA; Gammaproteobacteria_pmoA; Methylococcaceae_pmoA	d__Bacteria;p__Pseudomonadota;c__Gammaproteobacteria;o__Methylococcales;f__Methylococcaceae;g__Methylococcus;s__Methylococcus sp028688525
GCA_028688755.1	JAQTXN010000014.1_8	Root; pmoA_amoA_pxmA; Gammaproteobacteria_pmoA; Methylococcaceae_pmoA	d__Bacteria;p__Pseudomonadota;c__Gammaproteobacteria;o__Methylococcales;f__Methylomonadaceae;g__UBA10906;s__UBA10906 sp028688755
GCA_028695935.1	JAQVHY010000103.1_1	Root; pmoA_amoA_pxmA; pxmA; Methylococcaceae_pxmA	d__Bacteria;p__Desulfobacterota;c__Desulfobaccia;o__Desulfobaccales;f__Desulfobaccaceae;g__Desulfobacca_B;s__Desulfobacca_B sp028695935
GCA_028698335.1	JAQVDP010000021.1_49	Root; pmoA_amoA_pxmA; Nevskiales_Macondimonas; Nevskiales	d__Bacteria;p__Pseudomonadota;c__Gammaproteobacteria;o__Nevskiales;f__Nevskiaceae;g__CAU-1509;s__CAU-1509 sp028698335
GCA_028707085.1	JAQTUW010000039.1_14	Root; pmoA_amoA_pxmA; Gammaproteobacteria_pmoA; Methylococcaceae_pmoA	d__Bacteria;p__Pseudomonadota;c__Gammaproteobacteria;o__Methylococcales;f__Methylomonadaceae;g__Methylomonas;s__Methylomonas sp028707085
GCA_028710285.1	JAQTUK010000037.1_17	Root; pmoA_amoA_pxmA; Verrucomicrobia_pmoA	d__Bacteria;p__Verrucomicrobiota;c__Verrucomicrobiae;o__Methylacidiphilales;f__Methylacidiphilaceae;g__Methylacidimicrobium;s__Methylacidimicrobium sp028710285
GCA_028710285.1	JAQTUK010000200.1_3	Root; pmoA_amoA_pxmA; Verrucomicrobia_pmoA	d__Bacteria;p__Verrucomicrobiota;c__Verrucomicrobiae;o__Methylacidiphilales;f__Methylacidiphilaceae;g__Methylacidimicrobium;s__Methylacidimicrobium sp028710285
GCA_028712695.1	JAQTQZ010000054.1_3	Root; pmoA_amoA_pxmA; Gammaproteobacteria_pmoA; Methylococcaceae_pmoA	d__Bacteria;p__Pseudomonadota;c__Gammaproteobacteria;o__Methylococcales;f__Methylomonadaceae;g__Methylovulum;s__Methylovulum sp028712695
GCA_028712795.1	JAQTPT010000003.1_22	Root; pmoA_amoA_pxmA; Gammaproteobacteria_pmoA; Methylococcaceae_pmoA	d__Bacteria;p__Pseudomonadota;c__Gammaproteobacteria;o__Methylococcales;f__Methylomonadaceae;g__Methylobacter_C;s__Methylobacter_C sp028712795
GCA_028713055.1	JAQTOX010000008.1_31	Root; pmoA_amoA_pxmA; Gammaproteobacteria_pmoA; Methylococcaceae_pmoA	d__Bacteria;p__Pseudomonadota;c__Gammaproteobacteria;o__Methylococcales;f__Methylomonadaceae;g__UBA10906;s__UBA10906 sp028713055
GCA_028714175.1	JAQTMV010000027.1_23	Root; pmoA_amoA_pxmA; Gammaproteobacteria_pmoA; Methylococcaceae_pmoA	d__Bacteria;p__Pseudomonadota;c__Gammaproteobacteria;o__Methylococcales;f__Methylomonadaceae;g__JAGXGJ01;s__JAGXGJ01 sp028714175
GCA_028714175.1	JAQTMV010000164.1_4	Root; pmoA_amoA_pxmA; Gammaproteobacteria_pmoA; Methylococcaceae_pmoA	d__Bacteria;p__Pseudomonadota;c__Gammaproteobacteria;o__Methylococcales;f__Methylomonadaceae;g__JAGXGJ01;s__JAGXGJ01 sp028714175
GCA_028714995.1	JAQTLI010000042.1_10	Root; pmoA_amoA_pxmA; Gammaproteobacteria_pmoA; Methylococcaceae_pmoA	d__Bacteria;p__Pseudomonadota;c__Gammaproteobacteria;o__Methylococcales;f__Methylomonadaceae;g__Methylobacter_A;s__Methylobacter_A sp028714995
GCA_028715725.1	JAQURG010000054.1_16	Root; pmoA_amoA_pxmA; Gammaproteobacteria_pmoA; Methylococcaceae_pmoA	d__Bacteria;p__Pseudomonadota;c__Gammaproteobacteria;o__Methylococcales;f__Methylomonadaceae;g__JAGXGJ01;s__JAGXGJ01 sp028715725
GCA_028716085.1	JAQUQM010000129.1_5	Root; pmoA_amoA_pxmA; Gammaproteobacteria_pmoA; Methylococcaceae_pmoA	d__Bacteria;p__Chloroflexota;c__Dehalococcoidia;o__GIF9;f__UBA5629;g__JAQUQM01;s__JAQUQM01 sp028716085
GCA_028716865.1	JAQUOY010000009.1_62	Root; pmoA_amoA_pxmA; NC10	d__Bacteria;p__Methylomirabilota;c__Methylomirabilia;o__Methylomirabilales;f__Methylomirabilaceae;g__Methylomirabilis;s__Methylomirabilis sp028716865
GCA_028869615.1	JAGWRQ010000188.1_4	Root; pmoA_amoA_pxmA; NC10	d__Bacteria;p__Methylomirabilota;c__Methylomirabilia;o__Methylomirabilales;f__Methylomirabilaceae;g__Methylomirabilis;s__Methylomirabilis sp028869615
GCA_028870115.1	JAGWQH010000092.1_9	Root; pmoA_amoA_pxmA; NC10	d__Bacteria;p__Methylomirabilota;c__Methylomirabilia;o__Methylomirabilales;f__Methylomirabilaceae;g__Methylomirabilis;s__Methylomirabilis sp028870115
GCA_028876805.1	JAGWQP010000254.1_2	Root; Homologous_pmoA; Homologous_Binatales	d__Bacteria;p__Acidobacteriota;c__Terriglobia;o__Bryobacterales;f__Bryobacteraceae;g__JAIQFS01;s__JAIQFS01 sp028876805
GCA_029194665.1	JARFXO010000001.1_872	Root; pmoA_amoA_pxmA; amoA; Nitrospira_clade_A	d__Bacteria;p__Nitrospirota;c__Nitrospiria;o__Nitrospirales;f__Nitrospiraceae;g__Nitrospira_D;s__Nitrospira_D sp029194665
GCA_029194675.1	JARFXP010000004.1_301	Root; pmoA_amoA_pxmA; amoA; Nitrospira_clade_A	d__Bacteria;p__Nitrospirota;c__Nitrospiria;o__Nitrospirales;f__Nitrospiraceae;g__Nitrospira_D;s__Nitrospira_D sp029194675
GCA_029194725.1	JARFXQ010000002.1_82	Root; pmoA_amoA_pxmA; amoA; Nitrospira_clade_A	d__Bacteria;p__Nitrospirota;c__Nitrospiria;o__Nitrospirales;f__Nitrospiraceae;g__Nitrospira_D;s__Nitrospira_D sp029194725
GCA_029212965.1	JARGOV010000035.1_20	Root; pmoA_amoA_pxmA; Nevskiales_Macondimonas	d__Bacteria;p__Pseudomonadota;c__Gammaproteobacteria;o__Pseudomonadales;f__Porticoccaceae;g__50-400-T64;s__50-400-T64 sp029212965
GCA_029247025.1	JAQWLZ010000005.1_7	Root; pmoA_amoA_pxmA; Homologous_MO	d__Bacteria;p__Pseudomonadota;c__Alphaproteobacteria;o__TMED109;f__TMED109;g__TMED109;s__TMED109 sp029247025
GCA_029865345.1	JAOUHD010000102.1_2	Root; pmoA_amoA_pxmA; amoA; Nitrospira_clade_A	d__Bacteria;p__Nitrospirota;c__Nitrospiria;o__Nitrospirales;f__Nitrospiraceae;g__Nitrospira_D;s__Nitrospira_D sp029865345
GCA_029879905.1	JAOUPN010000443.1_2	Root; pmoA_amoA_pxmA; amoA; Nitrospira_clade_A	d__Bacteria;p__Nitrospirota;c__Nitrospiria;o__Nitrospirales;f__Nitrospiraceae;g__Nitrospira_D;s__Nitrospira_D sp029879905
GCA_029881435.1	JAOUMR010000047.1_2	Root; pmoA_amoA_pxmA; amoA; Nitrospira_clade_A	d__Bacteria;p__Nitrospirota;c__Nitrospiria;o__Nitrospirales;f__Nitrospiraceae;g__Nitrospira_D;s__Nitrospira_D sp029881435
GCA_029881855.1	JAOULU010000020.1_10	Root; pmoA_amoA_pxmA; amoA; Betaproteobacteria_amoA	d__Bacteria;p__Pseudomonadota;c__Gammaproteobacteria;o__Burkholderiales;f__Nitrosomonadaceae;g__Nitrosomonas;s__Nitrosomonas sp029881855
GCA_029937975.1	JAPYOW010000009.1_39	Root; pmoA_amoA_pxmA; Gammaproteobacteria_pmoA; Methylococcaceae_pmoA	d__Bacteria;p__Pseudomonadota;c__Gammaproteobacteria;o__Methylococcales;f__Methylomonadaceae;g__QPIN01;s__QPIN01 sp029937975
GCA_029941135.1	JAPYRI010000097.1_7	Root; pmoA_amoA_pxmA	d__Bacteria;p__Pseudomonadota;c__Alphaproteobacteria;o__JAPYRI01;f__JAPYRI01;g__JAPYRI01;s__JAPYRI01 sp029941135
GCA_029946125.1	JAQSDX010000004.1_18	Root; pmoA_amoA_pxmA; Gammaproteobacteria_pmoA; Methylococcaceae_pmoA	d__Bacteria;p__Pseudomonadota;c__Gammaproteobacteria;o__Methylococcales;f__Methylomonadaceae;g__Methylobacter_A;s__Methylobacter_A titanis
GCA_029961045.1	JASBVN010000004.1_261	Root; Homologous_pmoA	d__Bacteria;p__Bacillota;c__Bacilli;o__Kyrpidiales;f__Kyrpidiaceae;g__JASBVN01;s__JASBVN01 sp029961045
GCA_029977845.1	JAPOKC010000004.1_73	Root; Homologous_pmoA; Actinobacteria	d__Bacteria;p__Actinomycetota;c__Actinomycetes;o__Mycobacteriales;f__Mycobacteriaceae;g__Mycobacterium;s__Mycobacterium sp029977845
GCA_030038355.1	JASHPB010000225.1_3	Root; Homologous_pmoA; Homologous_Binatales	d__Bacteria;p__Desulfobacterota_B;c__Binatia;o__Binatales;f__Binataceae;g__JASHPB01;s__JASHPB01 sp030038355
GCA_030042765.1	JASHZA010000080.1_3	Root; Homologous_pmoA; Homologous_Binatales	d__Bacteria;p__Desulfobacterota_B;c__Binatia;o__Binatales;f__Binataceae;g__JASHZA01;s__JASHZA01 sp030042765
GCA_030042765.1	JASHZA010000227.1_3	Root; pmoA_amoA_pxmA; Putative_pmoA_Binatales	d__Bacteria;p__Desulfobacterota_B;c__Binatia;o__Binatales;f__Binataceae;g__JASHZA01;s__JASHZA01 sp030042765
GCA_030123625.1	CP126121.1_840	Root; pmoA_amoA_pxmA; amoA; Nitrospira_clade_A	d__Bacteria;p__Nitrospirota;c__Nitrospiria;o__Nitrospirales;f__Nitrospiraceae;g__Nitrospira_D;s__Nitrospira_D sp030123625
GCA_030263355.1	SZOU01000119.1_4	Root; pmoA_amoA_pxmA; amoA; Betaproteobacteria_amoA	d__Bacteria;p__Pseudomonadota;c__Gammaproteobacteria;o__Burkholderiales;f__Nitrosomonadaceae;g__Nitrosomonas;s__Nitrosomonas sp015075225
GCA_030263355.1	SZOU01000160.1_5	Root; pmoA_amoA_pxmA; amoA; Betaproteobacteria_amoA	d__Bacteria;p__Pseudomonadota;c__Gammaproteobacteria;o__Burkholderiales;f__Nitrosomonadaceae;g__Nitrosomonas;s__Nitrosomonas sp015075225
GCA_030590275.1	JAUUYV010000040.1_9	Root; pmoA_amoA_pxmA	d__Bacteria;p__Pseudomonadota;c__Gammaproteobacteria;o__Pseudomonadales;f__Porticoccaceae;g__JAGPUQ01;s__JAGPUQ01 sp030590275
GCA_030627285.1	DAOUSJ010000007.1_16	Root; pmoA_amoA_pxmA; Gammaproteobacteria_pmoA; Methylococcaceae_pmoA	d__Bacteria;p__Pseudomonadota;c__Gammaproteobacteria;o__Methylococcales;f__Methylomonadaceae;g__WTBX01;s__WTBX01 sp030627285
GCA_030636485.1	DAOVWV010000016.1_2	Root; pmoA_amoA_pxmA; Gammaproteobacteria_pmoA; Methylococcaceae_pmoA	d__Bacteria;p__Pseudomonadota;c__Gammaproteobacteria;o__Methylococcales;f__Methylomonadaceae;g__Methyloprofundus;s__Methyloprofundus sp030636485
GCA_030646035.1	JAUSMY010000025.1_2	Root; pmoA_amoA_pxmA; amoA; Betaproteobacteria_amoA	d__Bacteria;p__Nitrospirota;c__Thermodesulfovibrionia;o__UBA6902;f__UBA6902;g__JACQZG01;s__JACQZG01 sp030646035
GCA_030646695.1	JAUSLF010000029.1_7	Root; pmoA_amoA_pxmA; amoA; Betaproteobacteria_amoA	d__Bacteria;p__Pseudomonadota;c__Gammaproteobacteria;o__Burkholderiales;f__Nitrosomonadaceae;g__VFJL01;s__VFJL01 sp030646695
GCA_030652575.1	JAUSQI010000125.1_37	Root; pmoA_amoA_pxmA; Nevskiales_Macondimonas; Nevskiales	d__Bacteria;p__Pseudomonadota;c__Gammaproteobacteria;o__Nevskiales;f__Nevskiaceae;g__Stagnimonas;s__Stagnimonas sp030652575
GCA_030653175.1	JAURZV010000047.1_8	Root; pmoA_amoA_pxmA; Gammaproteobacteria_pmoA; Methylococcaceae_pmoA	d__Bacteria;p__Pseudomonadota;c__Gammaproteobacteria;o__Methylococcales;f__Methylomonadaceae;g__Methylobacter_A;s__Methylobacter_A sp030653175
GCA_030653435.1	JAURZI010000144.1_33	Root; pmoA_amoA_pxmA; Gammaproteobacteria_pmoA; Methylococcaceae_pmoA	d__Bacteria;p__Pseudomonadota;c__Gammaproteobacteria;o__Methylococcales;f__Methylomonadaceae;g__Methylovulum;s__Methylovulum sp030653435
GCA_030653985.1	JAURYJ010000063.1_18	Root; pmoA_amoA_pxmA; Gammaproteobacteria_pmoA; Methylococcaceae_pmoA	d__Bacteria;p__Pseudomonadota;c__Gammaproteobacteria;o__Methylococcales;f__Methylomonadaceae;g__Methylobacter_A;s__Methylobacter_A sp030653985
GCA_030655535.1	JAURVK010000147.1_3	Root; pmoA_amoA_pxmA; Gammaproteobacteria_pmoA; Methylococcaceae_pmoA	d__Bacteria;p__Pseudomonadota;c__Gammaproteobacteria;o__Methylococcales;f__Methylomonadaceae;g__Methylobacter_A;s__Methylobacter_A sp030655535
GCA_030679035.1	JAUXTH010000142.1_126	Root; pmoA_amoA_pxmA; Gammaproteobacteria_pmoA; Methylococcaceae_pmoA	d__Bacteria;p__Pseudomonadota;c__Gammaproteobacteria;o__Methylococcales;f__Methylomonadaceae;g__Methylobacter_A;s__Methylobacter_A sp030679035
GCA_030683705.1	JAUXPP010000061.1_11	Root; pmoA_amoA_pxmA; Nevskiales_Macondimonas	d__Bacteria;p__Pseudomonadota;c__Gammaproteobacteria;o__Burkholderiales;f__Burkholderiaceae;g__Polaromonas;s__Polaromonas sp030683705
GCA_030684815.1	JAUXXQ010000040.1_24	Root; pmoA_amoA_pxmA; Gammaproteobacteria_pmoA; Methylococcaceae_pmoA	d__Bacteria;p__Pseudomonadota;c__Gammaproteobacteria;o__Methylococcales;f__Methylomonadaceae;g__Methylobacter_A;s__Methylobacter_A sp030684815
GCA_030693065.1	JAUYBL010000037.1_109	Root; pmoA_amoA_pxmA; Gammaproteobacteria_pmoA; Methylococcaceae_pmoA	d__Bacteria;p__Pseudomonadota;c__Gammaproteobacteria;o__Methylococcales;f__Methylomonadaceae;g__JABFRC01;s__JABFRC01 sp030693065
GCA_030699385.1	JAUYMY010000081.1_24	Root; pmoA_amoA_pxmA; Gammaproteobacteria_pmoA; Methylococcaceae_pmoA	d__Bacteria;p__Pseudomonadota;c__Gammaproteobacteria;o__Methylococcales;f__Methylomonadaceae;g__Methylobacter_A;s__Methylobacter_A sp030699385
GCA_030830685.1	JAURMM010000071.1_15	Root; pmoA_amoA_pxmA; Homologous_MO	d__Bacteria;p__Pseudomonadota;c__Gammaproteobacteria;o__Ga0077536;f__Ga0077536;g__CAIKBL01;s__CAIKBL01 sp030830685
GCA_030833185.1	JAURHQ010000189.1_2	Root; pmoA_amoA_pxmA; Homologous_MO	d__Bacteria;p__Pseudomonadota;c__Gammaproteobacteria;o__Ga0077536;f__Ga0077536;g__Ga0077536;s__Ga0077536 sp030833185
GCA_030852885.1	JALYWD010000401.1_4	Root; pmoA_amoA_pxmA; amoA; Betaproteobacteria_amoA	d__Bacteria;p__Chloroflexota;c__Chloroflexia;o__Thermomicrobiales;f__UBA6265;g__JACCXM01;s__JACCXM01 sp030852885
GCA_030859565.1	JALZJW010000041.1_2	Root; pmoA_amoA_pxmA; Gammaproteobacteria_pmoA; USCg	d__Bacteria;p__Pseudomonadota;c__Gammaproteobacteria;o__JACCXJ01;f__JACCXJ01;g__USCg-Taylor;s__USCg-Taylor sp030859565
GCA_030860485.1	JALZID010000098.1_2	Root; pmoA_amoA_pxmA; Gammaproteobacteria_pmoA; USCg	d__Bacteria;p__Pseudomonadota;c__Gammaproteobacteria;o__JACCXJ01;f__JACCXJ01;g__JACCXJ01;s__JACCXJ01 sp030860485
GCA_030948025.1	JALZAY010000248.1_5	Root; pmoA_amoA_pxmA; pxmA; Alphaproteobacteria_pxmA	d__Bacteria;p__Pseudomonadota;c__Alphaproteobacteria;o__Rhizobiales;f__Beijerinckiaceae;g__Methylocella;s__Methylocella sp030948025
GCA_030949405.1	JAUZSN010000002.1_538	Root; pmoA_amoA_pxmA; Gammaproteobacteria_pmoA; Methylococcaceae_pmoA	d__Bacteria;p__Pseudomonadota;c__Gammaproteobacteria;o__Methylococcales;f__Methylomonadaceae;g__WTBX01;s__WTBX01 sp030949405
GCA_031316255.1	JALDQW010000001.1_1490	Root; pmoA_amoA_pxmA; amoA; Betaproteobacteria_amoA	d__Bacteria;p__Pseudomonadota;c__Gammaproteobacteria;o__Burkholderiales;f__Nitrosomonadaceae;g__Nitrosomonas;s__Nitrosomonas sp031316255
GCA_031316255.1	JALDQW010000001.1_3119	Root; pmoA_amoA_pxmA; amoA; Betaproteobacteria_amoA	d__Bacteria;p__Pseudomonadota;c__Gammaproteobacteria;o__Burkholderiales;f__Nitrosomonadaceae;g__Nitrosomonas;s__Nitrosomonas sp031316255
GCA_031316255.1	JALDQW010000001.1_990	Root; pmoA_amoA_pxmA; amoA; Betaproteobacteria_amoA	d__Bacteria;p__Pseudomonadota;c__Gammaproteobacteria;o__Burkholderiales;f__Nitrosomonadaceae;g__Nitrosomonas;s__Nitrosomonas sp031316255
GCA_902196205.1	CABIKM010000041.1_20	Root; pmoA_amoA_pxmA; NC10	d__Bacteria;p__Methylomirabilota;c__Methylomirabilia;o__Methylomirabilales;f__Methylomirabilaceae;g__Methylomirabilis;s__Methylomirabilis lanthanidiphila
GCA_903822375.1	CAIJOU010000327.1_2	Root; pmoA_amoA_pxmA; Gammaproteobacteria_pmoA; Methylococcaceae_pmoA	d__Bacteria;p__Hydrogenedentota;c__Hydrogenedentia;o__Hydrogenedentiales;f__CAITNO01;g__CAITNO01;s__CAITNO01 sp903822375
GCA_903832775.1	CAILCX010000181.1_1	Root; pmoA_amoA_pxmA; Gammaproteobacteria_pmoA; Methylococcaceae_pmoA	d__Bacteria;p__Pseudomonadota;c__Gammaproteobacteria;o__Methylococcales;f__Methylomonadaceae;g__Methylobacter_A;s__Methylobacter_A sp903832775
GCA_903834465.1	CAILJB010000064.1_51	Root; pmoA_amoA_pxmA; pxmA	d__Bacteria;p__Pseudomonadota;c__Gammaproteobacteria;o__Methylococcales;f__Methylomonadaceae;g__UBA10906;s__UBA10906 sp903834465
GCA_903834465.1	CAILJB010000091.1_104	Root; pmoA_amoA_pxmA; Gammaproteobacteria_pmoA; Methylococcaceae_pmoA	d__Bacteria;p__Pseudomonadota;c__Gammaproteobacteria;o__Methylococcales;f__Methylomonadaceae;g__UBA10906;s__UBA10906 sp903834465
GCA_903835265.1	CAILMG010000238.1_12	Root; pmoA_amoA_pxmA; Gammaproteobacteria_pmoA; Methylococcaceae_pmoA	d__Bacteria;p__Pseudomonadota;c__Gammaproteobacteria;o__Methylococcales;f__Methylococcaceae;g__UBA6136;s__UBA6136 sp903835265
GCA_903839855.1	CAIMEB010000003.1_23	Root; pmoA_amoA_pxmA; Gammaproteobacteria_pmoA; Methylococcaceae_pmoA	d__Bacteria;p__Pseudomonadota;c__Gammaproteobacteria;o__Methylococcales;f__Methylomonadaceae;g__Methylobacter_C;s__Methylobacter_C sp903839855
GCA_903847275.1	CAINDC010000136.1_4	Root; pmoA_amoA_pxmA; Gammaproteobacteria_pmoA; Methylococcaceae_pmoA	d__Bacteria;p__Pseudomonadota;c__Gammaproteobacteria;o__Methylococcales;f__Methylomonadaceae;g__UBA10906;s__UBA10906 sp903847275
GCA_903848905.1	CAINHP010000055.1_27	Root; pmoA_amoA_pxmA; Gammaproteobacteria_pmoA; Methylococcaceae_pmoA	d__Bacteria;p__Pseudomonadota;c__Gammaproteobacteria;o__Methylococcales;f__Methylomonadaceae;g__UBA10906;s__UBA10906 sp903848905
GCA_903848935.1	CAINHO010000050.1_55	Root; pmoA_amoA_pxmA; Gammaproteobacteria_pmoA; Methylococcaceae_pmoA	d__Bacteria;p__Pseudomonadota;c__Gammaproteobacteria;o__Methylococcales;f__Methylomonadaceae;g__UBA10906;s__UBA10906 sp903848935
GCA_903859415.1	CAIOMN010000170.1_15	Root; pmoA_amoA_pxmA; Gammaproteobacteria_pmoA; Methylococcaceae_pmoA	d__Bacteria;p__Pseudomonadota;c__Gammaproteobacteria;o__Methylococcales;f__Methylomonadaceae;g__Methylobacter_C;s__Methylobacter_C sp903859415
GCA_903859415.1	CAIOMN010000182.1_3	Root; pmoA_amoA_pxmA; pxmA; Methylococcaceae_pxmA	d__Bacteria;p__Pseudomonadota;c__Gammaproteobacteria;o__Methylococcales;f__Methylomonadaceae;g__Methylobacter_C;s__Methylobacter_C sp903859415
GCA_903866825.1	CAIPPE010000115.1_14	Root; pmoA_amoA_pxmA; Gammaproteobacteria_pmoA; Methylococcaceae_pmoA	d__Bacteria;p__Pseudomonadota;c__Gammaproteobacteria;o__Methylococcales;f__Methylomonadaceae;g__Methylobacter_C;s__Methylobacter_C sp903866825
GCA_903867225.1	CAIPQN010000042.1_144	Root; pmoA_amoA_pxmA; Gammaproteobacteria_pmoA; Methylococcaceae_pmoA	d__Bacteria;p__Pseudomonadota;c__Gammaproteobacteria;o__Methylococcales;f__Methylomonadaceae;g__UBA10906;s__UBA10906 sp903867225
GCA_903870545.1	CAIQDI010000013.1_103	Root; pmoA_amoA_pxmA; Gammaproteobacteria_pmoA; Methylococcaceae_pmoA	d__Bacteria;p__Pseudomonadota;c__Gammaproteobacteria;o__Methylococcales;f__Methylomonadaceae;g__UBA10906;s__UBA10906 sp903870545
GCA_903873045.1	CAIQND010000077.1_5	Root; pmoA_amoA_pxmA; Gammaproteobacteria_pmoA; Methylococcaceae_pmoA	d__Bacteria;p__Pseudomonadota;c__Gammaproteobacteria;o__Methylococcales;f__Methylomonadaceae;g__Methylobacter_C;s__Methylobacter_C sp903873045
GCA_903875455.1	CAIQWF010000165.1_25	Root; pmoA_amoA_pxmA; Gammaproteobacteria_pmoA; Methylococcaceae_pmoA	d__Bacteria;p__Pseudomonadota;c__Gammaproteobacteria;o__Methylococcales;f__Methylomonadaceae;g__CAIQWF01;s__CAIQWF01 sp903875455
GCA_903876445.1	CAIQZX010000054.1_6	Root; pmoA_amoA_pxmA; Gammaproteobacteria_pmoA; Methylococcaceae_pmoA	d__Bacteria;p__Pseudomonadota;c__Gammaproteobacteria;o__Methylococcales;f__Methylomonadaceae;g__UBA10906;s__UBA10906 sp903876445
GCA_903877065.1	CAIRCR010000346.1_2	Root; pmoA_amoA_pxmA; Gammaproteobacteria_pmoA; Methylococcaceae_pmoA	d__Bacteria;p__Pseudomonadota;c__Gammaproteobacteria;o__Methylococcales;f__Methylomonadaceae;g__UBA10906;s__UBA10906 sp903877065
GCA_903889445.1	CAISXF010000005.1_35	Root; pmoA_amoA_pxmA; Gammaproteobacteria_pmoA; Methylococcaceae_pmoA	d__Bacteria;p__Pseudomonadota;c__Gammaproteobacteria;o__Methylococcales;f__Methylomonadaceae;g__UBA10906;s__UBA10906 sp903889445
GCA_903902945.1	CAIUWU010000025.1_8	Root; pmoA_amoA_pxmA; pxmA; Methylococcaceae_pxmA	d__Bacteria;p__Pseudomonadota;c__Gammaproteobacteria;o__Methylococcales;f__Methylomonadaceae;g__Methylomonas;s__Methylomonas sp903902945
GCA_903904275.1	CAIVBX010000277.1_6	Root; pmoA_amoA_pxmA; Gammaproteobacteria_pmoA; Methylococcaceae_pmoA	d__Bacteria;p__Pseudomonadota;c__Gammaproteobacteria;o__Methylococcales;f__Methylomonadaceae;g__UBA10906;s__UBA10906 sp903904275
GCA_903905335.1	CAIVGC010000122.1_2	Root; pmoA_amoA_pxmA; Gammaproteobacteria_pmoA; Methylococcaceae_pmoA	d__Bacteria;p__Pseudomonadota;c__Gammaproteobacteria;o__Methylococcales;f__Methylomonadaceae;g__Methylobacter_C;s__Methylobacter_C sp903905335
GCA_903908165.1	CAIVQX010000064.1_6	Root; pmoA_amoA_pxmA; Gammaproteobacteria_pmoA; Methylococcaceae_pmoA	d__Bacteria;p__Pseudomonadota;c__Gammaproteobacteria;o__Methylococcales;f__Methylomonadaceae;g__Methylobacter_C;s__Methylobacter_C sp903908165
GCA_903911305.1	CAIWDB010000500.1_4	Root; pmoA_amoA_pxmA; pxmA	d__Bacteria;p__Pseudomonadota;c__Gammaproteobacteria;o__Methylococcales;f__Methylococcaceae;g__Methylumidiphilus;s__Methylumidiphilus sp903911305
GCA_903917345.1	CAIXAE010000023.1_8	Root; pmoA_amoA_pxmA; Gammaproteobacteria_pmoA; Methylococcaceae_pmoA	d__Bacteria;p__Pseudomonadota;c__Gammaproteobacteria;o__Methylococcales;f__Methylomonadaceae;g__Methylobacter_C;s__Methylobacter_C sp903917345
GCA_903918335.1	CAIXDX010000168.1_5	Root; pmoA_amoA_pxmA; pxmA	d__Bacteria;p__Pseudomonadota;c__Gammaproteobacteria;o__Methylococcales;f__Methylomonadaceae;g__Methylobacter_C;s__Methylobacter_C sp903918335
GCA_903918375.1	CAIXED010000021.1_25	Root; pmoA_amoA_pxmA; Gammaproteobacteria_pmoA; Methylococcaceae_pmoA	d__Bacteria;p__Pseudomonadota;c__Gammaproteobacteria;o__Methylococcales;f__Methylomonadaceae;g__Methylomonas;s__Methylomonas sp903918375
GCA_903927955.1	CAIYOW010000019.1_47	Root; pmoA_amoA_pxmA; Gammaproteobacteria_pmoA; Methylococcaceae_pmoA	d__Bacteria;p__Pseudomonadota;c__Gammaproteobacteria;o__Methylococcales;f__Methylomonadaceae;g__Methylovulum;s__Methylovulum sp903927955
GCA_903928685.1	CAIYRS010000043.1_2	Root; pmoA_amoA_pxmA; Gammaproteobacteria_pmoA; Methylococcaceae_pmoA	d__Bacteria;p__Pseudomonadota;c__Gammaproteobacteria;o__Methylococcales;f__Methylomonadaceae;g__Methylovulum;s__Methylovulum sp903928685
GCA_903928965.1	CAIYSZ010000110.1_13	Root; pmoA_amoA_pxmA; Gammaproteobacteria_pmoA; Methylococcaceae_pmoA	d__Bacteria;p__Pseudomonadota;c__Gammaproteobacteria;o__Methylococcales;f__Methylomonadaceae;g__Methylomonas;s__Methylomonas sp903928965
GCA_903934035.1	CAIZMK010000056.1_30	Root; pmoA_amoA_pxmA; Gammaproteobacteria_pmoA; Methylococcaceae_pmoA	d__Bacteria;p__Pseudomonadota;c__Gammaproteobacteria;o__Methylococcales;f__Methylomonadaceae;g__Methylobacter_C;s__Methylobacter_C sp903934035
GCA_903934875.1	CAIZPP010000257.1_4	Root; pmoA_amoA_pxmA; Gammaproteobacteria_pmoA; Methylococcaceae_pmoA	d__Bacteria;p__Pseudomonadota;c__Gammaproteobacteria;o__Methylococcales;f__Methylococcaceae;g__Methylumidiphilus;s__Methylumidiphilus sp903934875
GCA_903934875.1	CAIZPP010000261.1_11	Root; pmoA_amoA_pxmA; pxmA	d__Bacteria;p__Pseudomonadota;c__Gammaproteobacteria;o__Methylococcales;f__Methylococcaceae;g__Methylumidiphilus;s__Methylumidiphilus sp903934875
GCA_903938485.1	CAJADF010000108.1_16	Root; pmoA_amoA_pxmA; Gammaproteobacteria_pmoA; Methylococcaceae_pmoA	d__Bacteria;p__Pseudomonadota;c__Gammaproteobacteria;o__Methylococcales;f__Methylomonadaceae;g__Methylobacter_C;s__Methylobacter_C sp903938485
GCA_903939355.1	CAJAHC010000427.1_2	Root; pmoA_amoA_pxmA; Gammaproteobacteria_pmoA; Methylococcaceae_pmoA	d__Bacteria;p__Pseudomonadota;c__Gammaproteobacteria;o__Methylococcales;f__Methylomonadaceae;g__Methylobacter_C;s__Methylobacter_C sp903939355
GCA_903944165.1	CAJAQT010000160.1_6	Root; pmoA_amoA_pxmA; Gammaproteobacteria_pmoA; Methylococcaceae_pmoA	d__Bacteria;p__Pseudomonadota;c__Gammaproteobacteria;o__Methylococcales;f__Methylomonadaceae;g__Methylovulum;s__Methylovulum sp903944165
GCA_903945375.1	CAJAVP010000037.1_7	Root; pmoA_amoA_pxmA; Gammaproteobacteria_pmoA; Methylococcaceae_pmoA	d__Bacteria;p__Pseudomonadota;c__Gammaproteobacteria;o__Methylococcales;f__Methylomonadaceae;g__Methylovulum;s__Methylovulum sp903945375
GCA_903945605.1	CAJAWH010000010.1_2	Root; pmoA_amoA_pxmA; Gammaproteobacteria_pmoA; Methylococcaceae_pmoA	d__Bacteria;p__Pseudomonadota;c__Gammaproteobacteria;o__Methylococcales;f__Methylomonadaceae;g__Methylovulum;s__Methylovulum sp903945605
GCA_903953455.1	CAJBJW010000085.1_4	Root; pmoA_amoA_pxmA; Gammaproteobacteria_pmoA; Methylococcaceae_pmoA	d__Bacteria;p__Pseudomonadota;c__Gammaproteobacteria;o__Methylococcales;f__Methylomonadaceae;g__UBA10906;s__UBA10906 sp903953455
GCA_903960725.1	CAJCBY010000320.1_2	Root; pmoA_amoA_pxmA; Gammaproteobacteria_pmoA; Methylococcaceae_pmoA	d__Bacteria;p__Bacteroidota;c__Bacteroidia;o__Cytophagales;f__Spirosomataceae;g__Aquirufa;s__Aquirufa sp903960725
GCA_913056195.1	CAJXMF010000022.1_2	Root; pmoA_amoA_pxmA; Gammaproteobacteria_pmoA; Methylococcaceae_pmoA	d__Bacteria;p__Pseudomonadota;c__Gammaproteobacteria;o__Methylococcales;f__Methylomonadaceae;g__Methylomarinum;s__Methylomarinum sp913056195
GCA_936941155.1	CAKZJE010000031.1_266	Root; pmoA_amoA_pxmA; Gammaproteobacteria_pmoA; Methylococcaceae_pmoA	d__Bacteria;p__Pseudomonadota;c__Gammaproteobacteria;o__Methylococcales;f__Methylomonadaceae;g__CAIQWF01;s__CAIQWF01 sp936941155
GCA_937881255.1	CALGFH010000434.1_2	Root; Homologous_pmoA	d__Bacteria;p__Actinomycetota;c__CALGFH01;o__CALGFH01;f__CALGFH01;g__CALGFH01;s__CALGFH01 sp937881255
GCA_937998635.1	CALLDA010000010.1_4	Root; pmoA_amoA_pxmA	d__Bacteria;p__Pseudomonadota;c__Gammaproteobacteria;o__Pseudomonadales;f__Porticoccaceae;g__HB2-32-21;s__HB2-32-21 sp937998635
GCA_943787405.1	CALSMH010000001.1_149	Root; pmoA_amoA_pxmA; amoA; Betaproteobacteria_amoA	d__Bacteria;p__Pseudomonadota;c__Gammaproteobacteria;o__Burkholderiales;f__Nitrosomonadaceae;g__GCA-2721545;s__GCA-2721545 sp943787405
GCA_943787405.1	CALSMH010000003.1_390	Root; pmoA_amoA_pxmA; amoA; Betaproteobacteria_amoA	d__Bacteria;p__Pseudomonadota;c__Gammaproteobacteria;o__Burkholderiales;f__Nitrosomonadaceae;g__GCA-2721545;s__GCA-2721545 sp943787405
GCA_945861705.1	CAMAVM010000003.1_61	Root; pmoA_amoA_pxmA; pxmA	d__Bacteria;p__Pseudomonadota;c__Gammaproteobacteria;o__Methylococcales;f__Methylomonadaceae;g__Methyloglobulus;s__Methyloglobulus sp945861705
GCA_945861705.1	CAMAVM010000006.1_35	Root; pmoA_amoA_pxmA; Gammaproteobacteria_pmoA; Methylococcaceae_pmoA	d__Bacteria;p__Pseudomonadota;c__Gammaproteobacteria;o__Methylococcales;f__Methylomonadaceae;g__Methyloglobulus;s__Methyloglobulus sp945861705
GCA_945877505.1	CAMDWT010000020.1_7	Root; pmoA_amoA_pxmA; Gammaproteobacteria_pmoA; Methylococcaceae_pmoA	d__Bacteria;p__Pseudomonadota;c__Gammaproteobacteria;o__Methylococcales;f__Methylomonadaceae;g__Methylobacter_C;s__Methylobacter_C polyspora_A
GCA_945877625.1	CAMCSF010000011.1_9	Root; pmoA_amoA_pxmA; pxmA; Methylococcaceae_pxmA	d__Bacteria;p__Pseudomonadota;c__Gammaproteobacteria;o__Methylococcales;f__Methylomonadaceae;g__Methylomonas;s__Methylomonas koyamae_C
GCA_945903675.1	CAMDOP010000220.1_2	Root; pmoA_amoA_pxmA; Gammaproteobacteria_pmoA; Methylococcaceae_pmoA	d__Bacteria;p__Pseudomonadota;c__Gammaproteobacteria;o__Methylococcales;f__Methylomonadaceae;g__Methylobacter_C;s__Methylobacter_C sp945903675
GCA_947448745.1	CANFOQ010000043.1_7	Root; pmoA_amoA_pxmA; Homologous_MO	d__Bacteria;p__Pseudomonadota;c__Gammaproteobacteria;o__Burkholderiales;f__Burkholderiaceae;g__Limnohabitans;s__Limnohabitans sp947448745
GCA_947450495.1	CANFVX010000259.1_5	Root; pmoA_amoA_pxmA; Homologous_MO	d__Bacteria;p__Pseudomonadota;c__Gammaproteobacteria;o__Ga0077536;f__Ga0077536;g__Ga0077536;s__Ga0077536 sp947450495
GCA_947453645.1	CANGHG010000005.1_33	Root; pmoA_amoA_pxmA; Homologous_MO	d__Bacteria;p__Pseudomonadota;c__Gammaproteobacteria;o__Burkholderiales;f__Burkholderiaceae;g__Limnohabitans;s__Limnohabitans sp947453645
GCA_947456305.1	CANGPN010000010.1_24	Root; pmoA_amoA_pxmA; Homologous_MO	d__Bacteria;p__Pseudomonadota;c__Gammaproteobacteria;o__Burkholderiales;f__Burkholderiaceae;g__Limnohabitans;s__Limnohabitans sp947456305
GCA_947505055.1	CANNLO010000207.1_6	Root; pmoA_amoA_pxmA; pxmA; Methylococcaceae_pxmA	d__Bacteria;p__Pseudomonadota;c__Gammaproteobacteria;o__Methylococcales;f__Methylomonadaceae;g__Methylobacter_A;s__Methylobacter_A sp947505055
GCA_947505105.1	CANNKG010000023.1_17	Root; pmoA_amoA_pxmA; Gammaproteobacteria_pmoA; Methylococcaceae_pmoA	d__Bacteria;p__Pseudomonadota;c__Gammaproteobacteria;o__Methylococcales;f__Methylomonadaceae;g__SXIZ01;s__SXIZ01 sp947505105
GCA_951812575.1	OX638322.1_1631	Root	d__Bacteria;p__Desulfobacterota_B;c__Binatia;o__Bin18;f__Bin18;g__Bin18;s__Bin18 sp951812575
GCA_951812575.1	OX638322.1_3882	Root; Homologous_pmoA; Homologous_Binatales	d__Bacteria;p__Desulfobacterota_B;c__Binatia;o__Bin18;f__Bin18;g__Bin18;s__Bin18 sp951812575
GCA_955652855.1	CATPCN010000319.1_3	Root; pmoA_amoA_pxmA; Homologous_MO	d__Bacteria;p__Verrucomicrobiota;c__Verrucomicrobiae;o__Chthoniobacterales;f__UBA10450;g__CATPCN01;s__CATPCN01 sp955652855
GCA_958296235.1	OY282457.1_2660	Root	d__Bacteria;p__Desulfobacterota_B;c__Binatia;o__Bin18;f__Bin18;g__Bin18;s__Bin18 sp958296235
GCA_958296235.1	OY282457.1_409	Root; Homologous_pmoA; Homologous_Binatales	d__Bacteria;p__Desulfobacterota_B;c__Binatia;o__Bin18;f__Bin18;g__Bin18;s__Bin18 sp958296235
GCF_000019665.1	NC_010794.1_1297	Root; pmoA_amoA_pxmA; Verrucomicrobia_pmoA	d__Bacteria;p__Verrucomicrobiota;c__Verrucomicrobiae;o__Methylacidiphilales;f__Methylacidiphilaceae;g__Methylacidiphilum;s__Methylacidiphilum infernorum
GCF_000019665.1	NC_010794.1_1300	Root; pmoA_amoA_pxmA; Verrucomicrobia_pmoA	d__Bacteria;p__Verrucomicrobiota;c__Verrucomicrobiae;o__Methylacidiphilales;f__Methylacidiphilaceae;g__Methylacidiphilum;s__Methylacidiphilum infernorum
GCF_000019665.1	NC_010794.1_1374	Root; pmoA_amoA_pxmA; Verrucomicrobia_pmoA	d__Bacteria;p__Verrucomicrobiota;c__Verrucomicrobiae;o__Methylacidiphilales;f__Methylacidiphilaceae;g__Methylacidiphilum;s__Methylacidiphilum infernorum
GCF_000188155.2	NZ_KE124774.1_2379	Root; pmoA_amoA_pxmA; Methylocystaceae_pmoA1	d__Bacteria;p__Pseudomonadota;c__Alphaproteobacteria;o__Rhizobiales;f__Beijerinckiaceae;g__Methylocystis;s__Methylocystis sp000188155
GCF_000188155.2	NZ_KE124774.1_989	Root; pmoA_amoA_pxmA; Methylocystaceae_pmoA1	d__Bacteria;p__Pseudomonadota;c__Alphaproteobacteria;o__Rhizobiales;f__Beijerinckiaceae;g__Methylocystis;s__Methylocystis sp000188155
GCF_000190755.2	NZ_JH109152.1_1021	Root; pmoA_amoA_pxmA; pxmA; Methylococcaceae_pxmA	d__Bacteria;p__Pseudomonadota;c__Gammaproteobacteria;o__Methylococcales;f__Methylomonadaceae;g__Methylobacter_A;s__Methylobacter_A tundripaludum
GCF_000190755.2	NZ_JH109152.1_2355	Root; pmoA_amoA_pxmA; Gammaproteobacteria_pmoA; Methylococcaceae_pmoA	d__Bacteria;p__Pseudomonadota;c__Gammaproteobacteria;o__Methylococcales;f__Methylomonadaceae;g__Methylobacter_A;s__Methylobacter_A tundripaludum
GCF_000214665.1	NC_015572.1_292	Root; pmoA_amoA_pxmA; Gammaproteobacteria_pmoA; Methylococcaceae_pmoA	d__Bacteria;p__Pseudomonadota;c__Gammaproteobacteria;o__Methylococcales;f__Methylomonadaceae;g__Methylomonas;s__Methylomonas methanica_B
GCF_000283235.1	NZ_AJTV01000045.1_26	Root; pmoA_amoA_pxmA; Methylocystaceae_pmoA2	d__Bacteria;p__Pseudomonadota;c__Alphaproteobacteria;o__Rhizobiales;f__Beijerinckiaceae;g__Methylocystis;s__Methylocystis parva
GCF_000283235.1	NZ_AJTV01000081.1_2	Root; pmoA_amoA_pxmA; Methylocystaceae_pmoA1	d__Bacteria;p__Pseudomonadota;c__Alphaproteobacteria;o__Rhizobiales;f__Beijerinckiaceae;g__Methylocystis;s__Methylocystis parva
GCF_000304315.1	NC_018485.1_203	Root; pmoA_amoA_pxmA; Methylocystaceae_pmoA2	d__Bacteria;p__Pseudomonadota;c__Alphaproteobacteria;o__Rhizobiales;f__Beijerinckiaceae;g__Methylocystis;s__Methylocystis sp000304315
GCF_000304315.1	NC_018485.1_2781	Root; pmoA_amoA_pxmA; Methylocystaceae_pmoA1	d__Bacteria;p__Pseudomonadota;c__Alphaproteobacteria;o__Rhizobiales;f__Beijerinckiaceae;g__Methylocystis;s__Methylocystis sp000304315
GCF_000304315.1	NC_018485.1_3479	Root; pmoA_amoA_pxmA; Methylocystaceae_pmoA1	d__Bacteria;p__Pseudomonadota;c__Alphaproteobacteria;o__Rhizobiales;f__Beijerinckiaceae;g__Methylocystis;s__Methylocystis sp000304315
GCF_000341735.1	NZ_KB455575.1_3439	Root; pmoA_amoA_pxmA; Gammaproteobacteria_pmoA; Methylococcaceae_pmoA	d__Bacteria;p__Pseudomonadota;c__Gammaproteobacteria;o__Methylococcales;f__Methylomonadaceae;g__Methylotuvimicrobium;s__Methylotuvimicrobium buryatense
GCF_000365425.1	NZ_AQOV01000001.1_2555	Root; pmoA_amoA_pxmA; Gammaproteobacteria_pmoA; Methylococcaceae_pmoA	d__Bacteria;p__Pseudomonadota;c__Gammaproteobacteria;o__Methylococcales;f__Methylomonadaceae;g__Methylomonas;s__Methylomonas sp000365425
GCF_000365425.1	NZ_AQOV01000001.1_2756	Root; pmoA_amoA_pxmA; pxmA; Methylococcaceae_pxmA	d__Bacteria;p__Pseudomonadota;c__Gammaproteobacteria;o__Methylococcales;f__Methylomonadaceae;g__Methylomonas;s__Methylomonas sp000365425
GCF_000365425.1	NZ_AQOV01000001.1_623	Root; pmoA_amoA_pxmA; pxmA	d__Bacteria;p__Pseudomonadota;c__Gammaproteobacteria;o__Methylococcales;f__Methylomonadaceae;g__Methylomonas;s__Methylomonas sp000365425
GCF_000372845.1	NZ_KB889963.1_1433	Root; pmoA_amoA_pxmA; Methylocystaceae_pmoA1	d__Bacteria;p__Pseudomonadota;c__Alphaproteobacteria;o__Rhizobiales;f__Beijerinckiaceae;g__Methylocystis;s__Methylocystis rosea
GCF_000372845.1	NZ_KB889963.1_2746	Root; pmoA_amoA_pxmA; Methylocystaceae_pmoA1	d__Bacteria;p__Pseudomonadota;c__Alphaproteobacteria;o__Rhizobiales;f__Beijerinckiaceae;g__Methylocystis;s__Methylocystis rosea
GCF_000372845.1	NZ_KB889964.1_160	Root; pmoA_amoA_pxmA; pxmA; Alphaproteobacteria_pxmA	d__Bacteria;p__Pseudomonadota;c__Alphaproteobacteria;o__Rhizobiales;f__Beijerinckiaceae;g__Methylocystis;s__Methylocystis rosea
GCF_000372865.1	NZ_KB889965.1_3339	Root; pmoA_amoA_pxmA; Gammaproteobacteria_pmoA; Methylococcaceae_pmoA	d__Bacteria;p__Pseudomonadota;c__Gammaproteobacteria;o__Methylococcales;f__Methylomonadaceae;g__Methylosarcina;s__Methylosarcina fibrata
GCF_000379125.1	NZ_KB900626.1_1793	Root; pmoA_amoA_pxmA; Methylocystaceae_pmoA2	d__Bacteria;p__Pseudomonadota;c__Alphaproteobacteria;o__Rhizobiales;f__Beijerinckiaceae;g__Methylosinus;s__Methylosinus sp000379125
GCF_000379125.1	NZ_KB900626.1_2404	Root; pmoA_amoA_pxmA; Methylocystaceae_pmoA1	d__Bacteria;p__Pseudomonadota;c__Alphaproteobacteria;o__Rhizobiales;f__Beijerinckiaceae;g__Methylosinus;s__Methylosinus sp000379125
GCF_000379125.1	NZ_KB900626.1_979	Root; pmoA_amoA_pxmA; Methylocystaceae_pmoA1	d__Bacteria;p__Pseudomonadota;c__Alphaproteobacteria;o__Rhizobiales;f__Beijerinckiaceae;g__Methylosinus;s__Methylosinus sp000379125
GCF_000379365.1	NZ_KB901875.1_427	Root; pmoA_amoA_pxmA; Verrucomicrobia_pmoA	d__Bacteria;p__Verrucomicrobiota;c__Verrucomicrobiae;o__Methylacidiphilales;f__Methylacidiphilaceae;g__Methylacidimicrobium;s__Methylacidimicrobium sp000379365
GCF_000383855.1	NZ_KB912877.1_1115	Root; pmoA_amoA_pxmA; Gammaproteobacteria_pmoA; Methylococcaceae_pmoA	d__Bacteria;p__Pseudomonadota;c__Gammaproteobacteria;o__Methylococcales;f__Methylomonadaceae;g__Methylobacter;s__Methylobacter marinus
GCF_000383855.1	NZ_KB912877.1_2451	Root; pmoA_amoA_pxmA; pxmA; Methylococcaceae_pxmA	d__Bacteria;p__Pseudomonadota;c__Gammaproteobacteria;o__Methylococcales;f__Methylomonadaceae;g__Methylobacter;s__Methylobacter marinus
GCF_000384075.1	NZ_KB913025.1_878	Root; pmoA_amoA_pxmA; Gammaproteobacteria_pmoA; Methylococcaceae_pmoA	d__Bacteria;p__Pseudomonadota;c__Gammaproteobacteria;o__Methylococcales;f__Methylomonadaceae;g__Methylovulum;s__Methylovulum miyakonense
GCF_000421465.1	NZ_ATXB01000001.1_2312	Root; pmoA_amoA_pxmA; Gammaproteobacteria_pmoA; Methylococcaceae_pmoA	d__Bacteria;p__Pseudomonadota;c__Gammaproteobacteria;o__Methylococcales;f__Methylothermaceae;g__Methylohalobius;s__Methylohalobius crimeensis
GCF_000421465.1	NZ_ATXB01000001.1_365	Root; pmoA_amoA_pxmA; Gammaproteobacteria_pmoA; Methylococcaceae_pmoA	d__Bacteria;p__Pseudomonadota;c__Gammaproteobacteria;o__Methylococcales;f__Methylothermaceae;g__Methylohalobius;s__Methylohalobius crimeensis
GCF_000424685.1	NZ_AUKJ01000010.1_2	Root; pmoA_amoA_pxmA; Gammaproteobacteria_pmoA; Methylococcaceae_pmoA	d__Bacteria;p__Pseudomonadota;c__Gammaproteobacteria;o__Methylococcales;f__Methylococcaceae;g__Methylococcus;s__Methylococcus capsulatus
GCF_000427385.1	NZ_KE386489.1_1545	Root; pmoA_amoA_pxmA; Gammaproteobacteria_pmoA; Methylococcaceae_pmoA	d__Bacteria;p__Pseudomonadota;c__Gammaproteobacteria;o__Methylococcales;f__Methylococcaceae;g__Methylocaldum;s__Methylocaldum szegediense
GCF_000427445.1	NZ_KE386496.1_3413	Root; pmoA_amoA_pxmA; Beijerinckiaceae_pmoA	d__Bacteria;p__Pseudomonadota;c__Alphaproteobacteria;o__Rhizobiales;f__Beijerinckiaceae;g__Methylocella;s__Methylocella acidiphila
GCF_000427625.1	NZ_KE386569.1_2716	Root; pmoA_amoA_pxmA; Gammaproteobacteria_pmoA; Methylococcaceae_pmoA	d__Bacteria;p__Pseudomonadota;c__Gammaproteobacteria;o__Methylococcales;f__Methylomonadaceae;g__Methylobacter;s__Methylobacter luteus
GCF_000427625.1	NZ_KE386569.1_957	Root; pmoA_amoA_pxmA; pxmA; Methylococcaceae_pxmA	d__Bacteria;p__Pseudomonadota;c__Gammaproteobacteria;o__Methylococcales;f__Methylomonadaceae;g__Methylobacter;s__Methylobacter luteus
GCF_000496735.2	NZ_AYLO01000074.1_38	Root; pmoA_amoA_pxmA; Gammaproteobacteria_pmoA; Methylococcaceae_pmoA	d__Bacteria;p__Pseudomonadota;c__Gammaproteobacteria;o__Methylococcales;f__Methylomonadaceae;g__Methyloglobulus;s__Methyloglobulus morosus
GCF_000496735.2	NZ_AYLO01000115.1_4	Root; pmoA_amoA_pxmA; pxmA	d__Bacteria;p__Pseudomonadota;c__Gammaproteobacteria;o__Methylococcales;f__Methylomonadaceae;g__Methyloglobulus;s__Methyloglobulus morosus
GCF_000496735.2	NZ_AYLO01000152.1_6	Root; pmoA_amoA_pxmA; pxmA	d__Bacteria;p__Pseudomonadota;c__Gammaproteobacteria;o__Methylococcales;f__Methylomonadaceae;g__Methyloglobulus;s__Methyloglobulus morosus
GCF_000515215.1	NZ_KI911557.1_2969	Root; pmoA_amoA_pxmA; pxmA; Methylococcaceae_pxmA	d__Bacteria;p__Pseudomonadota;c__Gammaproteobacteria;o__Methylococcales;f__Methylomonadaceae;g__Methylomonas;s__Methylomonas sp000515215
GCF_000515215.1	NZ_KI911557.1_3168	Root; pmoA_amoA_pxmA; Gammaproteobacteria_pmoA; Methylococcaceae_pmoA	d__Bacteria;p__Pseudomonadota;c__Gammaproteobacteria;o__Methylococcales;f__Methylomonadaceae;g__Methylomonas;s__Methylomonas sp000515215
GCF_000527095.1	NZ_AZUN01000001.1_2335	Root; pmoA_amoA_pxmA; Gammaproteobacteria_pmoA; Methylococcaceae_pmoA	d__Bacteria;p__Pseudomonadota;c__Gammaproteobacteria;o__Methylococcales;f__Methylomonadaceae;g__Methylomicrobium;s__Methylomicrobium lacus
GCF_000733855.1	NZ_JPOJ01000001.1_2763	Root; pmoA_amoA_pxmA; pxmA; Methylococcaceae_pxmA	d__Bacteria;p__Pseudomonadota;c__Gammaproteobacteria;o__Methylococcales;f__Methylomonadaceae;g__Methylomicrobium;s__Methylomicrobium agile
GCF_000733855.1	NZ_JPOJ01000001.1_941	Root; pmoA_amoA_pxmA; Gammaproteobacteria_pmoA; Methylococcaceae_pmoA	d__Bacteria;p__Pseudomonadota;c__Gammaproteobacteria;o__Methylococcales;f__Methylomonadaceae;g__Methylomicrobium;s__Methylomicrobium agile
GCF_000733935.1	NZ_JPON01000001.1_1949	Root; pmoA_amoA_pxmA; Gammaproteobacteria_pmoA; Methylococcaceae_pmoA	d__Bacteria;p__Pseudomonadota;c__Gammaproteobacteria;o__Methylococcales;f__Methylomonadaceae;g__Methylomarinum;s__Methylomarinum vadi
GCF_000745215.1	NZ_JQNK01000008.1_532	Root; pmoA_amoA_pxmA; Methylocystaceae_pmoA2	d__Bacteria;p__Pseudomonadota;c__Alphaproteobacteria;o__Rhizobiales;f__Beijerinckiaceae;g__Methylosinus;s__Methylosinus sp000745215
GCF_000745215.1	NZ_JQNK01000009.1_1267	Root; pmoA_amoA_pxmA; Methylocystaceae_pmoA1	d__Bacteria;p__Pseudomonadota;c__Alphaproteobacteria;o__Rhizobiales;f__Beijerinckiaceae;g__Methylosinus;s__Methylosinus sp000745215
GCF_000745215.1	NZ_JQNK01000009.1_197	Root; pmoA_amoA_pxmA; Methylocystaceae_pmoA1	d__Bacteria;p__Pseudomonadota;c__Alphaproteobacteria;o__Rhizobiales;f__Beijerinckiaceae;g__Methylosinus;s__Methylosinus sp000745215
GCF_000746085.1	NZ_JQKO01000020.1_2	Root; pmoA_amoA_pxmA; Beijerinckiaceae_pmoA	d__Bacteria;p__Pseudomonadota;c__Alphaproteobacteria;o__Rhizobiales;f__Beijerinckiaceae;g__Methylocella;s__Methylocella aurea
GCF_000934725.1	NZ_JYNS01000012.1_110	Root; pmoA_amoA_pxmA; pxmA	d__Bacteria;p__Pseudomonadota;c__Gammaproteobacteria;o__Methylococcales;f__Methylococcaceae;g__Methyloterricola;s__Methyloterricola oryzae
GCF_000934725.1	NZ_JYNS01000018.1_63	Root; pmoA_amoA_pxmA; Gammaproteobacteria_pmoA; Methylococcaceae_pmoA	d__Bacteria;p__Pseudomonadota;c__Gammaproteobacteria;o__Methylococcales;f__Methylococcaceae;g__Methyloterricola;s__Methyloterricola oryzae
GCF_000936425.1	NZ_AVFK01000047.1_15	Root; pmoA_amoA_pxmA; Hyphomicrobiaceae_pmoA	d__Bacteria;p__Pseudomonadota;c__Alphaproteobacteria;o__Azospirillales;f__Azospirillaceae;g__Skermanella;s__Skermanella aerolata
GCF_000963695.1	NZ_LAJX01000232.1_2	Root; pmoA_amoA_pxmA; Gammaproteobacteria_pmoA; Methylococcaceae_pmoA	d__Bacteria;p__Pseudomonadota;c__Gammaproteobacteria;o__Methylococcales;f__Methylomonadaceae;g__Methylovulum;s__Methylovulum oryzae
GCF_000968535.2	NC_016112.1_509	Root; pmoA_amoA_pxmA; Gammaproteobacteria_pmoA; Methylococcaceae_pmoA	d__Bacteria;p__Pseudomonadota;c__Gammaproteobacteria;o__Methylococcales;f__Methylomonadaceae;g__Methylotuvimicrobium;s__Methylotuvimicrobium alcaliphilum
GCF_001644015.1	NZ_LUUI01000149.1_19	Root; pmoA_amoA_pxmA; Gammaproteobacteria_pmoA; Methylococcaceae_pmoA	d__Bacteria;p__Pseudomonadota;c__Gammaproteobacteria;o__Methylococcales;f__Methylomonadaceae;g__Methylomonas;s__Methylomonas lenta
GCF_001644025.1	NZ_LUUK01000052.1_7	Root; pmoA_amoA_pxmA; pxmA; Methylococcaceae_pxmA	d__Bacteria;p__Pseudomonadota;c__Gammaproteobacteria;o__Methylococcales;f__Methylomonadaceae;g__Methylomonas;s__Methylomonas koyamae_A
GCF_001644025.1	NZ_LUUK01000171.1_2	Root; pmoA_amoA_pxmA; Gammaproteobacteria_pmoA; Methylococcaceae_pmoA	d__Bacteria;p__Pseudomonadota;c__Gammaproteobacteria;o__Methylococcales;f__Methylomonadaceae;g__Methylomonas;s__Methylomonas koyamae_A
GCF_001644035.1	NZ_LUUG01000045.1_4	Root; pmoA_amoA_pxmA; pxmA	d__Bacteria;p__Pseudomonadota;c__Gammaproteobacteria;o__Methylococcales;f__Methylomonadaceae;g__Methylomonas;s__Methylomonas methanica_A
GCF_001644035.1	NZ_LUUG01000051.1_51	Root; pmoA_amoA_pxmA; pxmA; Methylococcaceae_pxmA	d__Bacteria;p__Pseudomonadota;c__Gammaproteobacteria;o__Methylococcales;f__Methylomonadaceae;g__Methylomonas;s__Methylomonas methanica_A
GCF_001644035.1	NZ_LUUG01000115.1_43	Root; pmoA_amoA_pxmA; Gammaproteobacteria_pmoA; Methylococcaceae_pmoA	d__Bacteria;p__Pseudomonadota;c__Gammaproteobacteria;o__Methylococcales;f__Methylomonadaceae;g__Methylomonas;s__Methylomonas methanica_A
GCF_001644045.1	NZ_LUUF01000085.1_8	Root; pmoA_amoA_pxmA; pxmA; Methylococcaceae_pxmA	d__Bacteria;p__Pseudomonadota;c__Gammaproteobacteria;o__Methylococcales;f__Methylomonadaceae;g__Methylomonas;s__Methylomonas methanica
GCF_001644045.1	NZ_LUUF01000091.1_2	Root; pmoA_amoA_pxmA; Gammaproteobacteria_pmoA; Methylococcaceae_pmoA	d__Bacteria;p__Pseudomonadota;c__Gammaproteobacteria;o__Methylococcales;f__Methylomonadaceae;g__Methylomonas;s__Methylomonas methanica
GCF_002005105.1	NZ_MSCV01000067.1_2	Root; pmoA_amoA_pxmA; Gammaproteobacteria_pmoA; Methylococcaceae_pmoA	d__Bacteria;p__Pseudomonadota;c__Gammaproteobacteria;o__Methylococcales;f__Methylococcaceae;g__Methylocaldum;s__Methylocaldum sp002005105
GCF_002072955.1	NZ_LPUF01000004.1_33	Root; pmoA_amoA_pxmA; Gammaproteobacteria_pmoA; Methylococcaceae_pmoA	d__Bacteria;p__Pseudomonadota;c__Gammaproteobacteria;o__Methylococcales;f__Methylomonadaceae;g__Methyloprofundus;s__Methyloprofundus sedimenti
GCF_002117405.1	NZ_CP019948.1_108	Root; pmoA_amoA_pxmA; pxmA; Alphaproteobacteria_pxmA	d__Bacteria;p__Pseudomonadota;c__Alphaproteobacteria;o__Rhizobiales;f__Beijerinckiaceae;g__Methylocystis;s__Methylocystis bryophila
GCF_002117405.1	NZ_CP019948.1_2611	Root; pmoA_amoA_pxmA; Methylocystaceae_pmoA2	d__Bacteria;p__Pseudomonadota;c__Alphaproteobacteria;o__Rhizobiales;f__Beijerinckiaceae;g__Methylocystis;s__Methylocystis bryophila
GCF_002117405.1	NZ_CP019948.1_2863	Root; pmoA_amoA_pxmA; Methylocystaceae_pmoA1	d__Bacteria;p__Pseudomonadota;c__Alphaproteobacteria;o__Rhizobiales;f__Beijerinckiaceae;g__Methylocystis;s__Methylocystis bryophila
GCF_002117405.1	NZ_CP019948.1_3625	Root; pmoA_amoA_pxmA; Methylocystaceae_pmoA1	d__Bacteria;p__Pseudomonadota;c__Alphaproteobacteria;o__Rhizobiales;f__Beijerinckiaceae;g__Methylocystis;s__Methylocystis bryophila
GCF_002189065.1	NZ_BDMN01000127.1_6	Root; pmoA_amoA_pxmA; Gammaproteobacteria_pmoA; Methylococcaceae_pmoA	d__Bacteria;p__Pseudomonadota;c__Gammaproteobacteria;o__Methylococcales;f__Methylomonadaceae;g__Methyloprofundus;s__Methyloprofundus sp002189065
GCF_002752655.1	NZ_CP023737.1_2040	Root; pmoA_amoA_pxmA; Methylocystaceae_pmoA1	d__Bacteria;p__Pseudomonadota;c__Alphaproteobacteria;o__Rhizobiales;f__Beijerinckiaceae;g__Methylosinus;s__Methylosinus trichosporium
GCF_002752655.1	NZ_CP023737.1_241	Root; pmoA_amoA_pxmA; Methylocystaceae_pmoA1	d__Bacteria;p__Pseudomonadota;c__Alphaproteobacteria;o__Rhizobiales;f__Beijerinckiaceae;g__Methylosinus;s__Methylosinus trichosporium
GCF_002887815.1	NZ_PDHO01000053.1_10	Root; Homologous_pmoA; Actinobacteria	d__Bacteria;p__Actinomycetota;c__Actinomycetes;o__Mycobacteriales;f__Mycobacteriaceae;g__Mycobacterium;s__Mycobacterium sp002887815
GCF_002923755.1	NZ_PGFZ01000003.1_300	Root; pmoA_amoA_pxmA; Gammaproteobacteria_pmoA; Methylococcaceae_pmoA	d__Bacteria;p__Pseudomonadota;c__Gammaproteobacteria;o__Methylococcales;f__Methylomonadaceae;g__Methylovulum;s__Methylovulum psychrotolerans
GCF_002934365.1	NZ_PTIY01000002.1_7	Root; pmoA_amoA_pxmA; pxmA; Methylococcaceae_pxmA	d__Bacteria;p__Pseudomonadota;c__Gammaproteobacteria;o__Methylococcales;f__Methylomonadaceae;g__Methylobacter_A;s__Methylobacter_A tundripaludum_A
GCF_002934365.1	NZ_PTIY01000028.1_2	Root; pmoA_amoA_pxmA; Gammaproteobacteria_pmoA; Methylococcaceae_pmoA	d__Bacteria;p__Pseudomonadota;c__Gammaproteobacteria;o__Methylococcales;f__Methylomonadaceae;g__Methylobacter_A;s__Methylobacter_A tundripaludum_A
GCF_003044035.1	NZ_NVQC01000003.1_3	Root; pmoA_amoA_pxmA; NC10	d__Bacteria;p__Methylomirabilota;c__Methylomirabilia;o__Methylomirabilales;f__Methylomirabilaceae;g__Methylomirabilis;s__Methylomirabilis limnetica
GCF_003113265.1	NZ_PUIV01000018.1_56	Root; pmoA_amoA_pxmA; Methylocystaceae_pmoA2	d__Bacteria;p__Pseudomonadota;c__Alphaproteobacteria;o__Rhizobiales;f__Beijerinckiaceae;g__Methylosinus;s__Methylosinus sporium
GCF_003584645.1	NZ_AP017928.1_1708	Root; pmoA_amoA_pxmA; Gammaproteobacteria_pmoA; Methylococcaceae_pmoA	d__Bacteria;p__Pseudomonadota;c__Gammaproteobacteria;o__Methylococcales;f__Methylococcaceae;g__Methylocaldum;s__Methylocaldum marinum
GCF_003584645.1	NZ_AP017928.1_3797	Root; pmoA_amoA_pxmA; Gammaproteobacteria_pmoA; Methylococcaceae_pmoA	d__Bacteria;p__Pseudomonadota;c__Gammaproteobacteria;o__Methylococcales;f__Methylococcaceae;g__Methylocaldum;s__Methylocaldum marinum
GCF_003722355.1	NZ_QWDD01000001.1_1421	Root; pmoA_amoA_pxmA; pxmA; Alphaproteobacteria_pxmA	d__Bacteria;p__Pseudomonadota;c__Alphaproteobacteria;o__Rhizobiales;f__Beijerinckiaceae;g__Methylocystis;s__Methylocystis hirsuta
GCF_003722355.1	NZ_QWDD01000001.1_2682	Root; pmoA_amoA_pxmA; Methylocystaceae_pmoA1	d__Bacteria;p__Pseudomonadota;c__Alphaproteobacteria;o__Rhizobiales;f__Beijerinckiaceae;g__Methylocystis;s__Methylocystis hirsuta
GCF_003722355.1	NZ_QWDD01000001.1_986	Root; pmoA_amoA_pxmA; Methylocystaceae_pmoA1	d__Bacteria;p__Pseudomonadota;c__Alphaproteobacteria;o__Rhizobiales;f__Beijerinckiaceae;g__Methylocystis;s__Methylocystis hirsuta
GCF_003855495.1	NZ_CP034086.1_1691	Root; pmoA_amoA_pxmA; Methylocystaceae_pmoA1	d__Bacteria;p__Pseudomonadota;c__Alphaproteobacteria;o__Rhizobiales;f__Beijerinckiaceae;g__Methylocystis;s__Methylocystis rosea_A
GCF_003855495.1	NZ_CP034086.1_390	Root; pmoA_amoA_pxmA; Methylocystaceae_pmoA1	d__Bacteria;p__Pseudomonadota;c__Alphaproteobacteria;o__Rhizobiales;f__Beijerinckiaceae;g__Methylocystis;s__Methylocystis rosea_A
GCF_003994235.2	NZ_RYFG02000108.1_30	Root; pmoA_amoA_pxmA; pxmA; Methylococcaceae_pxmA	d__Bacteria;p__Pseudomonadota;c__Gammaproteobacteria;o__Methylococcales;f__Methylomonadaceae;g__Methylobacter_A;s__Methylobacter_A oryzae
GCF_003994235.2	NZ_RYFG02000113.1_70	Root; pmoA_amoA_pxmA; Gammaproteobacteria_pmoA; Methylococcaceae_pmoA	d__Bacteria;p__Pseudomonadota;c__Gammaproteobacteria;o__Methylococcales;f__Methylomonadaceae;g__Methylobacter_A;s__Methylobacter_A oryzae
GCF_004322395.1	NZ_SCTW01000044.1_2	Root; pmoA_amoA_pxmA; Gammaproteobacteria_pmoA; Methylococcaceae_pmoA	d__Bacteria;p__Pseudomonadota;c__Gammaproteobacteria;o__Methylococcales;f__Methylomonadaceae;g__Methylobacter_A;s__Methylobacter_A sp004322395
GCF_004322395.1	NZ_SCTW01000125.1_3	Root; pmoA_amoA_pxmA; pxmA; Methylococcaceae_pxmA	d__Bacteria;p__Pseudomonadota;c__Gammaproteobacteria;o__Methylococcales;f__Methylomonadaceae;g__Methylobacter_A;s__Methylobacter_A sp004322395
GCF_004421185.1	NZ_LXQB01000019.1_4	Root; pmoA_amoA_pxmA; Verrucomicrobia_pmoA	d__Bacteria;p__Verrucomicrobiota;c__Verrucomicrobiae;o__Methylacidiphilales;f__Methylacidiphilaceae;g__Methylacidiphilum;s__Methylacidiphilum sp004421185
GCF_004421185.1	NZ_LXQB01000033.1_3	Root; pmoA_amoA_pxmA; Verrucomicrobia_pmoA	d__Bacteria;p__Verrucomicrobiota;c__Verrucomicrobiae;o__Methylacidiphilales;f__Methylacidiphilaceae;g__Methylacidiphilum;s__Methylacidiphilum sp004421185
GCF_004421185.1	NZ_LXQB01000060.1_11	Root; pmoA_amoA_pxmA; Verrucomicrobia_pmoA	d__Bacteria;p__Verrucomicrobiota;c__Verrucomicrobiae;o__Methylacidiphilales;f__Methylacidiphilaceae;g__Methylacidiphilum;s__Methylacidiphilum sp004421185
GCF_004802635.2	NZ_CP046052.1_1239	Root; pmoA_amoA_pxmA; Methylocystaceae_pmoA1	d__Bacteria;p__Pseudomonadota;c__Alphaproteobacteria;o__Rhizobiales;f__Beijerinckiaceae;g__Methylocystis;s__Methylocystis heyeri
GCF_004802635.2	NZ_CP046052.1_2315	Root; pmoA_amoA_pxmA; Methylocystaceae_pmoA2	d__Bacteria;p__Pseudomonadota;c__Alphaproteobacteria;o__Rhizobiales;f__Beijerinckiaceae;g__Methylocystis;s__Methylocystis heyeri
GCF_004802635.2	NZ_CP046052.1_3482	Root; pmoA_amoA_pxmA; Methylocystaceae_pmoA1	d__Bacteria;p__Pseudomonadota;c__Alphaproteobacteria;o__Rhizobiales;f__Beijerinckiaceae;g__Methylocystis;s__Methylocystis heyeri
GCF_005771425.1	NZ_VBTZ01000002.1_362	Root; pmoA_amoA_pxmA; Methylocystaceae_pmoA1	d__Bacteria;p__Pseudomonadota;c__Alphaproteobacteria;o__Rhizobiales;f__Beijerinckiaceae;g__Methylocystis;s__Methylocystis sp005771425
GCF_005771425.1	NZ_VBTZ01000009.1_72	Root; pmoA_amoA_pxmA; Methylocystaceae_pmoA2	d__Bacteria;p__Pseudomonadota;c__Alphaproteobacteria;o__Rhizobiales;f__Beijerinckiaceae;g__Methylocystis;s__Methylocystis sp005771425
GCF_006175985.1	NZ_SRSH01000004.1_127	Root; pmoA_amoA_pxmA; Gammaproteobacteria_pmoA; Methylococcaceae_pmoA	d__Bacteria;p__Pseudomonadota;c__Gammaproteobacteria;o__Methylococcales;f__Methylococcaceae;g__Methylotetracoccus;s__Methylotetracoccus oryzae
GCF_006175985.1	NZ_SRSH01000018.1_40	Root; pmoA_amoA_pxmA; Gammaproteobacteria_pmoA; Methylococcaceae_pmoA	d__Bacteria;p__Pseudomonadota;c__Gammaproteobacteria;o__Methylococcales;f__Methylococcaceae;g__Methylotetracoccus;s__Methylotetracoccus oryzae
GCF_006483455.1	NZ_PPPU01000014.1_2	Root; pmoA_amoA_pxmA; Gammaproteobacteria_pmoA; Methylococcaceae_pmoA	d__Bacteria;p__Pseudomonadota;c__Gammaproteobacteria;o__Methylococcales;f__Methylomonadaceae;g__Methylomonas;s__Methylomonas koyamae_B
GCF_006483455.1	NZ_PPPU01000041.1_44	Root; pmoA_amoA_pxmA; pxmA; Methylococcaceae_pxmA	d__Bacteria;p__Pseudomonadota;c__Gammaproteobacteria;o__Methylococcales;f__Methylomonadaceae;g__Methylomonas;s__Methylomonas koyamae_B
GCF_007475525.1	NZ_CP037899.1_1260	Root; pmoA_amoA_pxmA; Verrucomicrobia_pmoA	d__Bacteria;p__Verrucomicrobiota;c__Verrucomicrobiae;o__Methylacidiphilales;f__Methylacidiphilaceae;g__Methylacidiphilum;s__Methylacidiphilum kamchatkense
GCF_007475525.1	NZ_CP037899.1_1395	Root; pmoA_amoA_pxmA; Verrucomicrobia_pmoA	d__Bacteria;p__Verrucomicrobiota;c__Verrucomicrobiae;o__Methylacidiphilales;f__Methylacidiphilaceae;g__Methylacidiphilum;s__Methylacidiphilum kamchatkense
GCF_007475525.1	NZ_CP037899.1_1398	Root; pmoA_amoA_pxmA; Verrucomicrobia_pmoA	d__Bacteria;p__Verrucomicrobiota;c__Verrucomicrobiae;o__Methylacidiphilales;f__Methylacidiphilaceae;g__Methylacidiphilum;s__Methylacidiphilum kamchatkense
GCF_007475525.1	NZ_CP037899.1_1832	Root; pmoA_amoA_pxmA; Verrucomicrobia_pmoA	d__Bacteria;p__Verrucomicrobiota;c__Verrucomicrobiae;o__Methylacidiphilales;f__Methylacidiphilaceae;g__Methylacidiphilum;s__Methylacidiphilum kamchatkense
GCF_008632455.1	NZ_CP043929.1_1508	Root; pmoA_amoA_pxmA; pxmA; Methylococcaceae_pxmA	d__Bacteria;p__Pseudomonadota;c__Gammaproteobacteria;o__Methylococcales;f__Methylomonadaceae;g__Methylomonas;s__Methylomonas rhizoryzae
GCF_008632455.1	NZ_CP043929.1_3749	Root; pmoA_amoA_pxmA; Gammaproteobacteria_pmoA; Methylococcaceae_pmoA	d__Bacteria;p__Pseudomonadota;c__Gammaproteobacteria;o__Methylococcales;f__Methylomonadaceae;g__Methylomonas;s__Methylomonas rhizoryzae
GCF_009498235.1	NZ_CP044205.1_304	Root; pmoA_amoA_pxmA; Gammaproteobacteria_pmoA; Methylococcaceae_pmoA	d__Bacteria;p__Pseudomonadota;c__Gammaproteobacteria;o__Methylococcales;f__Methylococcaceae;g__Methylospira;s__Methylospira mobilis
GCF_009498235.1	NZ_CP044205.1_3140	Root; pmoA_amoA_pxmA; Gammaproteobacteria_pmoA; Methylococcaceae_pmoA	d__Bacteria;p__Pseudomonadota;c__Gammaproteobacteria;o__Methylococcales;f__Methylococcaceae;g__Methylospira;s__Methylospira mobilis
GCF_009811655.1	NZ_BGJX01000039.1_9	Root; pmoA_amoA_pxmA; Methylocystaceae_pmoA2	d__Bacteria;p__Pseudomonadota;c__Alphaproteobacteria;o__Rhizobiales;f__Beijerinckiaceae;g__Methylosinus;s__Methylosinus sp009811655
GCF_009811655.1	NZ_BGJX01000067.1_2	Root; pmoA_amoA_pxmA; Methylocystaceae_pmoA1	d__Bacteria;p__Pseudomonadota;c__Alphaproteobacteria;o__Rhizobiales;f__Beijerinckiaceae;g__Methylosinus;s__Methylosinus sp009811655
GCF_009828925.2	NZ_WUTY02000001.1_523	Root; pmoA_amoA_pxmA; Gammaproteobacteria_pmoA; Methylococcaceae_pmoA	d__Bacteria;p__Pseudomonadota;c__Gammaproteobacteria;o__Methylococcales;f__Methylomonadaceae;g__Methylicorpusculum;s__Methylicorpusculum oleiharenae
GCF_009936375.1	NZ_AP022332.1_2089	Root; pmoA_amoA_pxmA; Methylocystaceae_pmoA2	d__Bacteria;p__Pseudomonadota;c__Alphaproteobacteria;o__Rhizobiales;f__Beijerinckiaceae;g__Methylosinus;s__Methylosinus sp009936375
GCF_009936375.1	NZ_AP022332.1_2244	Root; pmoA_amoA_pxmA; Methylocystaceae_pmoA1	d__Bacteria;p__Pseudomonadota;c__Alphaproteobacteria;o__Rhizobiales;f__Beijerinckiaceae;g__Methylosinus;s__Methylosinus sp009936375
GCF_009936375.1	NZ_AP022332.1_3472	Root; pmoA_amoA_pxmA; Methylocystaceae_pmoA1	d__Bacteria;p__Pseudomonadota;c__Alphaproteobacteria;o__Rhizobiales;f__Beijerinckiaceae;g__Methylosinus;s__Methylosinus sp009936375
GCF_011058845.1	NZ_JAAFZE010000004.1_243	Root; pmoA_amoA_pxmA; Methylocystaceae_pmoA1	d__Bacteria;p__Pseudomonadota;c__Alphaproteobacteria;o__Rhizobiales;f__Beijerinckiaceae;g__Methylocystis;s__Methylocystis sp011058845
GCF_011058845.1	NZ_JAAFZE010000019.1_21	Root; pmoA_amoA_pxmA; Methylocystaceae_pmoA2	d__Bacteria;p__Pseudomonadota;c__Alphaproteobacteria;o__Rhizobiales;f__Beijerinckiaceae;g__Methylocystis;s__Methylocystis sp011058845
GCF_012769535.1	NZ_CP046565.1_1927	Root; pmoA_amoA_pxmA; Gammaproteobacteria_pmoA; Methylococcaceae_pmoA	d__Bacteria;p__Pseudomonadota;c__Gammaproteobacteria;o__Methylococcales;f__Methylococcaceae;g__Methylococcus;s__Methylococcus geothermalis
GCF_012769535.1	NZ_CP046565.1_704	Root; pmoA_amoA_pxmA; Gammaproteobacteria_pmoA; Methylococcaceae_pmoA	d__Bacteria;p__Pseudomonadota;c__Gammaproteobacteria;o__Methylococcales;f__Methylococcaceae;g__Methylococcus;s__Methylococcus geothermalis
GCF_013141865.1	NZ_RCST01000001.1_3649	Root; pmoA_amoA_pxmA; pxmA; Methylococcaceae_pxmA	d__Bacteria;p__Pseudomonadota;c__Gammaproteobacteria;o__Methylococcales;f__Methylomonadaceae;g__Methylomonas;s__Methylomonas sp013141865
GCF_013141865.1	NZ_RCST01000001.1_4072	Root; pmoA_amoA_pxmA; Gammaproteobacteria_pmoA; Methylococcaceae_pmoA	d__Bacteria;p__Pseudomonadota;c__Gammaproteobacteria;o__Methylococcales;f__Methylomonadaceae;g__Methylomonas;s__Methylomonas sp013141865
GCF_013350005.1	NZ_JABVWW010000004.1_320	Root; pmoA_amoA_pxmA; Methylocystaceae_pmoA1	d__Bacteria;p__Pseudomonadota;c__Alphaproteobacteria;o__Rhizobiales;f__Beijerinckiaceae;g__Methylocystis;s__Methylocystis silviterrae
GCF_013350005.1	NZ_JABVWW010000008.1_117	Root; pmoA_amoA_pxmA; Methylocystaceae_pmoA2	d__Bacteria;p__Pseudomonadota;c__Alphaproteobacteria;o__Rhizobiales;f__Beijerinckiaceae;g__Methylocystis;s__Methylocystis silviterrae
GCF_014850955.1	NZ_JACXSS010000001.1_231	Root; pmoA_amoA_pxmA; Gammaproteobacteria_pmoA; Methylococcaceae_pmoA	d__Bacteria;p__Pseudomonadota;c__Gammaproteobacteria;o__Methylococcales;f__Methylomonadaceae;g__Methylomonas;s__Methylomonas albis
GCF_014850955.1	NZ_JACXSS010000001.1_3946	Root; pmoA_amoA_pxmA; pxmA; Methylococcaceae_pxmA	d__Bacteria;p__Pseudomonadota;c__Gammaproteobacteria;o__Methylococcales;f__Methylomonadaceae;g__Methylomonas;s__Methylomonas albis
GCF_014850975.1	NZ_JACXST010000001.1_276	Root; pmoA_amoA_pxmA; Gammaproteobacteria_pmoA; Methylococcaceae_pmoA	d__Bacteria;p__Pseudomonadota;c__Gammaproteobacteria;o__Methylococcales;f__Methylomonadaceae;g__Methylomonas;s__Methylomonas fluvii
GCF_014850975.1	NZ_JACXST010000001.1_680	Root; pmoA_amoA_pxmA; pxmA; Methylococcaceae_pxmA	d__Bacteria;p__Pseudomonadota;c__Gammaproteobacteria;o__Methylococcales;f__Methylomonadaceae;g__Methylomonas;s__Methylomonas fluvii
GCF_015476545.1	NZ_JADMKV010000001.1_212	Root; pmoA_amoA_pxmA; Gammaproteobacteria_pmoA; Methylococcaceae_pmoA	d__Bacteria;p__Pseudomonadota;c__Gammaproteobacteria;o__Methylococcales;f__Methylomonadaceae;g__Methylobacter;s__Methylobacter sp015476545
GCF_015709455.1	NZ_JADNQW010000005.1_2882	Root; pmoA_amoA_pxmA; Methylocystaceae_pmoA2	d__Bacteria;p__Pseudomonadota;c__Alphaproteobacteria;o__Rhizobiales;f__Beijerinckiaceae;g__Methylosinus;s__Methylosinus sp015709455
GCF_015709455.1	NZ_JADNQW010000005.1_3583	Root; pmoA_amoA_pxmA; Methylocystaceae_pmoA1	d__Bacteria;p__Pseudomonadota;c__Alphaproteobacteria;o__Rhizobiales;f__Beijerinckiaceae;g__Methylosinus;s__Methylosinus sp015709455
GCF_015709455.1	NZ_JADNQW010000005.1_539	Root; pmoA_amoA_pxmA; Methylocystaceae_pmoA1	d__Bacteria;p__Pseudomonadota;c__Alphaproteobacteria;o__Rhizobiales;f__Beijerinckiaceae;g__Methylosinus;s__Methylosinus sp015709455
GCF_015709515.1	NZ_JADNQZ010000059.1_3	Root; pmoA_amoA_pxmA; Methylocystaceae_pmoA1	d__Bacteria;p__Pseudomonadota;c__Alphaproteobacteria;o__Rhizobiales;f__Beijerinckiaceae;g__Methylocystis;s__Methylocystis sp015709515
GCF_015709525.1	NZ_JADNRA010000005.1_18	Root; pmoA_amoA_pxmA; Methylocystaceae_pmoA1	d__Bacteria;p__Pseudomonadota;c__Alphaproteobacteria;o__Rhizobiales;f__Beijerinckiaceae;g__Methylocystis;s__Methylocystis sp015709525
GCF_015709525.1	NZ_JADNRA010000019.1_85	Root; pmoA_amoA_pxmA; pxmA; Alphaproteobacteria_pxmA	d__Bacteria;p__Pseudomonadota;c__Alphaproteobacteria;o__Rhizobiales;f__Beijerinckiaceae;g__Methylocystis;s__Methylocystis sp015709525
GCF_015711015.1	NZ_CP064653.1_124	Root; pmoA_amoA_pxmA; pxmA; Methylococcaceae_pxmA	d__Bacteria;p__Pseudomonadota;c__Gammaproteobacteria;o__Methylococcales;f__Methylomonadaceae;g__Methylomonas;s__Methylomonas sp015711015
GCF_015711015.1	NZ_CP064653.1_3337	Root; pmoA_amoA_pxmA; Gammaproteobacteria_pmoA; Methylococcaceae_pmoA	d__Bacteria;p__Pseudomonadota;c__Gammaproteobacteria;o__Methylococcales;f__Methylomonadaceae;g__Methylomonas;s__Methylomonas sp015711015
GCF_016097405.1	NZ_JAEHGD010000001.1_819	Root; pmoA_amoA_pxmA; Gammaproteobacteria_pmoA; Methylococcaceae_pmoA	d__Bacteria;p__Pseudomonadota;c__Gammaproteobacteria;o__Methylococcales;f__Methylomonadaceae;g__Methylomarinum;s__Methylomarinum sp016097405
GCF_016106025.1	NZ_JABWGZ010000038.1_2	Root; pmoA_amoA_pxmA; Gammaproteobacteria_pmoA; Methylococcaceae_pmoA	d__Bacteria;p__Pseudomonadota;c__Gammaproteobacteria;o__Methylococcales;f__Methylococcaceae;g__Methylococcus;s__Methylococcus sp016106025
GCF_016745395.1	NZ_JAERVJ010000003.1_338	Root; pmoA_amoA_pxmA; Methylocystaceae_pmoA2	d__Bacteria;p__Pseudomonadota;c__Alphaproteobacteria;o__Rhizobiales;f__Beijerinckiaceae;g__Methylocystis;s__Methylocystis iwaonis
GCF_016745395.1	NZ_JAERVJ010000017.1_1	Root; pmoA_amoA_pxmA; Methylocystaceae_pmoA1	d__Bacteria;p__Pseudomonadota;c__Alphaproteobacteria;o__Rhizobiales;f__Beijerinckiaceae;g__Methylocystis;s__Methylocystis iwaonis
GCF_016745425.1	NZ_JAERVK010000004.1_207	Root; pmoA_amoA_pxmA; Gammaproteobacteria_pmoA; Methylococcaceae_pmoA	d__Bacteria;p__Pseudomonadota;c__Gammaproteobacteria;o__Methylococcales;f__Methylomonadaceae;g__Methylomicrobium;s__Methylomicrobium sp016745425
GCF_016745425.1	NZ_JAERVK010000015.1_21	Root; pmoA_amoA_pxmA; pxmA; Methylococcaceae_pxmA	d__Bacteria;p__Pseudomonadota;c__Gammaproteobacteria;o__Methylococcales;f__Methylomonadaceae;g__Methylomicrobium;s__Methylomicrobium sp016745425
GCF_016865255.1	NZ_CP033381.1_102	Root; pmoA_amoA_pxmA; pxmA; Methylococcaceae_pxmA	d__Bacteria;p__Pseudomonadota;c__Gammaproteobacteria;o__Methylococcales;f__Methylomonadaceae;g__Methylomonas;s__Methylomonas sp000702925
GCF_016865255.1	NZ_CP033381.1_4410	Root; pmoA_amoA_pxmA; Gammaproteobacteria_pmoA; Methylococcaceae_pmoA	d__Bacteria;p__Pseudomonadota;c__Gammaproteobacteria;o__Methylococcales;f__Methylomonadaceae;g__Methylomonas;s__Methylomonas sp000702925
GCF_016925495.1	NZ_CP070491.1_3220	Root; pmoA_amoA_pxmA; Gammaproteobacteria_pmoA; Methylococcaceae_pmoA	d__Bacteria;p__Pseudomonadota;c__Gammaproteobacteria;o__Methylococcales;f__Methylococcaceae;g__EFPC2;s__EFPC2 sp016925495
GCF_016925495.1	NZ_CP070491.1_700	Root; pmoA_amoA_pxmA; Gammaproteobacteria_pmoA; Methylococcaceae_pmoA	d__Bacteria;p__Pseudomonadota;c__Gammaproteobacteria;o__Methylococcales;f__Methylococcaceae;g__EFPC2;s__EFPC2 sp016925495
GCF_017310505.1	NZ_CP065957.1_1864	Root; pmoA_amoA_pxmA; Verrucomicrobia_pmoA	d__Bacteria;p__Verrucomicrobiota;c__Verrucomicrobiae;o__Methylacidiphilales;f__Methylacidiphilaceae;g__Methylacidiphilum;s__Methylacidiphilum sp004421255
GCF_017310505.1	NZ_CP065957.1_1973	Root; pmoA_amoA_pxmA; Verrucomicrobia_pmoA	d__Bacteria;p__Verrucomicrobiota;c__Verrucomicrobiae;o__Methylacidiphilales;f__Methylacidiphilaceae;g__Methylacidiphilum;s__Methylacidiphilum sp004421255
GCF_017310505.1	NZ_CP065957.1_1976	Root; pmoA_amoA_pxmA; Verrucomicrobia_pmoA	d__Bacteria;p__Verrucomicrobiota;c__Verrucomicrobiae;o__Methylacidiphilales;f__Methylacidiphilaceae;g__Methylacidiphilum;s__Methylacidiphilum sp004421255
GCF_017310545.1	NZ_CP066203.1_755	Root; pmoA_amoA_pxmA; Verrucomicrobia_pmoA	d__Bacteria;p__Verrucomicrobiota;c__Verrucomicrobiae;o__Methylacidiphilales;f__Methylacidiphilaceae;g__Methylacidimicrobium;s__Methylacidimicrobium sp017310545
GCF_017310545.1	NZ_CP066203.1_758	Root; pmoA_amoA_pxmA; Verrucomicrobia_pmoA	d__Bacteria;p__Verrucomicrobiota;c__Verrucomicrobiae;o__Methylacidiphilales;f__Methylacidiphilaceae;g__Methylacidimicrobium;s__Methylacidimicrobium sp017310545
GCF_017853185.1	NZ_JAFMJZ010000235.1_2	Root; Homologous_pmoA; Actinobacteria	d__Bacteria;p__Actinomycetota;c__Actinomycetes;o__Mycobacteriales;f__Mycobacteriaceae;g__Mycobacterium;s__Mycobacterium sp017853185
GCF_017881085.1	NZ_JADGRI010000232.1_6	Root; pmoA_amoA_pxmA; Homologous_MO	d__Bacteria;p__Pseudomonadota;c__Alphaproteobacteria;o__Rhizobiales;f__Xanthobacteraceae;g__Bradyrhizobium;s__Bradyrhizobium sp017881085
GCF_018734325.1	NZ_CP073754.1_1077	Root; pmoA_amoA_pxmA; pxmA	d__Bacteria;p__Pseudomonadota;c__Gammaproteobacteria;o__Methylococcales;f__Methylomonadaceae;g__Methylomonas;s__Methylomonas paludis
GCF_018734325.1	NZ_CP073754.1_2954	Root; pmoA_amoA_pxmA; Gammaproteobacteria_pmoA; Methylococcaceae_pmoA	d__Bacteria;p__Pseudomonadota;c__Gammaproteobacteria;o__Methylococcales;f__Methylomonadaceae;g__Methylomonas;s__Methylomonas paludis
GCF_018780385.1	NZ_JADMJO010000019.1_7	Root; pmoA_amoA_pxmA; Nevskiales_Macondimonas	d__Bacteria;p__Pseudomonadota;c__Gammaproteobacteria;o__Burkholderiales;f__Burkholderiaceae;g__Hydrogenophaga;s__Hydrogenophaga sp018780385
GCF_019285515.1	NZ_CP079095.1_1483	Root; pmoA_amoA_pxmA; Gammaproteobacteria_pmoA; Methylococcaceae_pmoA	d__Bacteria;p__Pseudomonadota;c__Gammaproteobacteria;o__Methylococcales;f__Methylococcaceae;g__Methylococcus;s__Methylococcus sp019285515
GCF_019285515.1	NZ_CP079095.1_2846	Root; pmoA_amoA_pxmA; Gammaproteobacteria_pmoA; Methylococcaceae_pmoA	d__Bacteria;p__Pseudomonadota;c__Gammaproteobacteria;o__Methylococcales;f__Methylococcaceae;g__Methylococcus;s__Methylococcus sp019285515
GCF_019635155.1	NZ_JAHBZY010000003.1_95	Root; pmoA_amoA_pxmA; amoA; Betaproteobacteria_amoA	d__Bacteria;p__Pseudomonadota;c__Gammaproteobacteria;o__Burkholderiales;f__Nitrosomonadaceae;g__Nitrosomonas;s__Nitrosomonas sp019635155
GCF_019635155.1	NZ_JAHBZY010000016.1_33	Root; pmoA_amoA_pxmA; amoA; Betaproteobacteria_amoA	d__Bacteria;p__Pseudomonadota;c__Gammaproteobacteria;o__Burkholderiales;f__Nitrosomonadaceae;g__Nitrosomonas;s__Nitrosomonas sp019635155
GCF_019669905.1	NZ_AP019777.1_3735	Root; pmoA_amoA_pxmA; pxmA; Methylococcaceae_pxmA	d__Bacteria;p__Pseudomonadota;c__Gammaproteobacteria;o__Methylococcales;f__Methylomonadaceae;g__Methylomonas;s__Methylomonas koyamae
GCF_019669905.1	NZ_AP019777.1_3977	Root; pmoA_amoA_pxmA; Gammaproteobacteria_pmoA; Methylococcaceae_pmoA	d__Bacteria;p__Pseudomonadota;c__Gammaproteobacteria;o__Methylococcales;f__Methylomonadaceae;g__Methylomonas;s__Methylomonas koyamae
GCF_019669985.1	NZ_AP019782.1_2926	Root; pmoA_amoA_pxmA; Gammaproteobacteria_pmoA; Methylococcaceae_pmoA	d__Bacteria;p__Pseudomonadota;c__Gammaproteobacteria;o__Methylococcales;f__Methylococcaceae;g__Methylogaea;s__Methylogaea oryzae
GCF_019669985.1	NZ_AP019782.1_2929	Root; pmoA_amoA_pxmA; Gammaproteobacteria_pmoA; Methylococcaceae_pmoA	d__Bacteria;p__Pseudomonadota;c__Gammaproteobacteria;o__Methylococcales;f__Methylococcaceae;g__Methylogaea;s__Methylogaea oryzae
GCF_019670005.1	NZ_AP019783.1_2051	Root; pmoA_amoA_pxmA; Gammaproteobacteria_pmoA; Methylococcaceae_pmoA	d__Bacteria;p__Pseudomonadota;c__Gammaproteobacteria;o__Methylococcales;f__Methylococcaceae;g__Methylomagnum;s__Methylomagnum ishizawai
GCF_019670005.1	NZ_AP019783.1_3978	Root; pmoA_amoA_pxmA; Gammaproteobacteria_pmoA; Methylococcaceae_pmoA	d__Bacteria;p__Pseudomonadota;c__Gammaproteobacteria;o__Methylococcales;f__Methylococcaceae;g__Methylomagnum;s__Methylomagnum ishizawai
GCF_019670005.1	NZ_AP019784.1_74	Root; pmoA_amoA_pxmA; pxmA	d__Bacteria;p__Pseudomonadota;c__Gammaproteobacteria;o__Methylococcales;f__Methylococcaceae;g__Methylomagnum;s__Methylomagnum ishizawai
GCF_019721995.1	NZ_BLYC01000003.1_221	Root; pmoA_amoA_pxmA; Gammaproteobacteria_pmoA; Methylococcaceae_pmoA	d__Bacteria;p__Pseudomonadota;c__Gammaproteobacteria;o__Methylococcales;f__Methylomonadaceae;g__Methyloprofundus;s__Methyloprofundus sp019721995
GCF_019802345.1	NZ_JAINDZ010000017.1_60	Root; pmoA_amoA_pxmA; Methylocystaceae_pmoA2	d__Bacteria;p__Pseudomonadota;c__Alphaproteobacteria;o__Rhizobiales;f__Beijerinckiaceae;g__Methylosinus;s__Methylosinus sp019802345
GCF_020697055.1	NZ_JAJFBP010000018.1_17	Root; pmoA_amoA_pxmA; Nevskiales_Macondimonas; Nevskiales	d__Bacteria;p__Pseudomonadota;c__Gammaproteobacteria;o__Nevskiales;f__Nevskiaceae;g__Panacagrimonas;s__Panacagrimonas sp020697055
GCF_021731785.1	NZ_JAKFWS010000125.1_47	Root; pmoA_amoA_pxmA; pxmA; Alphaproteobacteria_pxmA	d__Bacteria;p__Pseudomonadota;c__Alphaproteobacteria;o__Rhizobiales;f__Beijerinckiaceae;g__Methylocystis;s__Methylocystis sp021731785
GCF_022788635.1	NZ_CP076024.1_1276	Root; pmoA_amoA_pxmA; Gammaproteobacteria_pmoA; Methylococcaceae_pmoA	d__Bacteria;p__Pseudomonadota;c__Gammaproteobacteria;o__Methylococcales;f__Methylomonadaceae;g__Methylobacter_C;s__Methylobacter_C sp022788635
GCF_023227905.1	NZ_JALOCF010000006.1_126	Root; pmoA_amoA_pxmA; Gammaproteobacteria_pmoA; Methylococcaceae_pmoA	d__Bacteria;p__Pseudomonadota;c__Gammaproteobacteria;o__Methylococcales;f__Methylomonadaceae;g__Methylobacter_A;s__Methylobacter_A sp023227905
GCF_023228165.1	NZ_JALOBS010000019.1_16	Root; pmoA_amoA_pxmA; Gammaproteobacteria_pmoA; Methylococcaceae_pmoA	d__Bacteria;p__Pseudomonadota;c__Gammaproteobacteria;o__Methylococcales;f__Methylomonadaceae;g__Methylomonas;s__Methylomonas sp023228165
GCF_023228165.1	NZ_JALOBS010000040.1_34	Root; pmoA_amoA_pxmA; pxmA; Methylococcaceae_pxmA	d__Bacteria;p__Pseudomonadota;c__Gammaproteobacteria;o__Methylococcales;f__Methylomonadaceae;g__Methylomonas;s__Methylomonas sp023228165
GCF_023266035.1	NZ_JAHFRY010000166.1_8	Root; pmoA_amoA_pxmA; Homologous_MO	d__Bacteria;p__Pseudomonadota;c__Gammaproteobacteria;o__Nevskiales;f__Nevskiaceae;g__Nevskia;s__Nevskia sp023266035
GCF_024102715.1	NZ_JAGFJM010000008.1_2	Root; pmoA_amoA_pxmA; amoA; Betaproteobacteria_amoA	d__Bacteria;p__Pseudomonadota;c__Gammaproteobacteria;o__Burkholderiales;f__Nitrosomonadaceae;g__Nitrosomonas;s__Nitrosomonas communis_B
GCF_024360925.2	NZ_CP113517.1_355	Root; pmoA_amoA_pxmA; Gammaproteobacteria_pmoA; Methylococcaceae_pmoA	d__Bacteria;p__Pseudomonadota;c__Gammaproteobacteria;o__Methylococcales;f__Methylomonadaceae;g__Methylomonas;s__Methylomonas rapida
GCF_024448135.1	NZ_JAMRYX010000097.1_4	Root; pmoA_amoA_pxmA; Methylocystaceae_pmoA2	d__Bacteria;p__Pseudomonadota;c__Alphaproteobacteria;o__Rhizobiales;f__Beijerinckiaceae;g__Methylocystis;s__Methylocystis sp024448135
GCF_024448135.1	NZ_JAMRYX010000194.1_1	Root; pmoA_amoA_pxmA; Methylocystaceae_pmoA1	d__Bacteria;p__Pseudomonadota;c__Alphaproteobacteria;o__Rhizobiales;f__Beijerinckiaceae;g__Methylocystis;s__Methylocystis sp024448135
GCF_024448135.1	NZ_JAMRYX010000208.1_7	Root; pmoA_amoA_pxmA; Homologous_MO	d__Bacteria;p__Pseudomonadota;c__Alphaproteobacteria;o__Rhizobiales;f__Beijerinckiaceae;g__Methylocystis;s__Methylocystis sp024448135
GCF_024505045.1	NZ_JANIBM010000005.1_91	Root; pmoA_amoA_pxmA; pxmA; Methylococcaceae_pxmA	d__Bacteria;p__Pseudomonadota;c__Gammaproteobacteria;o__Methylococcales;f__Methylomonadaceae;g__Methylomonas;s__Methylomonas sp024505045
GCF_024505045.1	NZ_JANIBM010000025.1_2	Root; pmoA_amoA_pxmA; Gammaproteobacteria_pmoA; Methylococcaceae_pmoA	d__Bacteria;p__Pseudomonadota;c__Gammaproteobacteria;o__Methylococcales;f__Methylomonadaceae;g__Methylomonas;s__Methylomonas sp024505045
GCF_024505055.1	NZ_JANIBL010000029.1_48	Root; pmoA_amoA_pxmA; Gammaproteobacteria_pmoA; Methylococcaceae_pmoA	d__Bacteria;p__Pseudomonadota;c__Gammaproteobacteria;o__Methylococcales;f__Methylomonadaceae;g__Methylomonas;s__Methylomonas sp024505055
GCF_024505055.1	NZ_JANIBL010000049.1_7	Root; pmoA_amoA_pxmA; pxmA; Methylococcaceae_pxmA	d__Bacteria;p__Pseudomonadota;c__Gammaproteobacteria;o__Methylococcales;f__Methylomonadaceae;g__Methylomonas;s__Methylomonas sp024505055
GCF_024505165.1	NZ_JANIBK010000031.1_9	Root; pmoA_amoA_pxmA; pxmA; Methylococcaceae_pxmA	d__Bacteria;p__Pseudomonadota;c__Gammaproteobacteria;o__Methylococcales;f__Methylomonadaceae;g__Methylomonas;s__Methylomonas sp018335995
GCF_024505165.1	NZ_JANIBK010000067.1_9	Root; pmoA_amoA_pxmA; Gammaproteobacteria_pmoA; Methylococcaceae_pmoA	d__Bacteria;p__Pseudomonadota;c__Gammaproteobacteria;o__Methylococcales;f__Methylomonadaceae;g__Methylomonas;s__Methylomonas sp018335995
GCF_024505185.1	NZ_JANIBJ010000016.1_55	Root; pmoA_amoA_pxmA; Gammaproteobacteria_pmoA; Methylococcaceae_pmoA	d__Bacteria;p__Pseudomonadota;c__Gammaproteobacteria;o__Methylococcales;f__Methylomonadaceae;g__Methylomonas;s__Methylomonas sp024505185
GCF_024505185.1	NZ_JANIBJ010000038.1_21	Root; pmoA_amoA_pxmA; pxmA; Methylococcaceae_pxmA	d__Bacteria;p__Pseudomonadota;c__Gammaproteobacteria;o__Methylococcales;f__Methylomonadaceae;g__Methylomonas;s__Methylomonas sp024505185
GCF_025583945.1	NZ_JAOEGU010000014.1_53	Root; pmoA_amoA_pxmA; Gammaproteobacteria_pmoA; Methylococcaceae_pmoA	d__Bacteria;p__Pseudomonadota;c__Gammaproteobacteria;o__Methylococcales;f__Methylomonadaceae;g__Methylobacter_C;s__Methylobacter_C psychrophilus
GCF_025999835.1	NZ_AP025628.1_1553	Root; Homologous_pmoA	d__Bacteria;p__Bacillota_E;c__Symbiobacteriia;o__Symbiobacteriales;f__ZC4RG38;g__Caldinitratiruptor;s__Caldinitratiruptor microaerophilus
GCF_026247885.1	NZ_CP110921.1_100	Root; pmoA_amoA_pxmA; Gammaproteobacteria_pmoA; Methylococcaceae_pmoA	d__Bacteria;p__Pseudomonadota;c__Gammaproteobacteria;o__Methylococcales;f__Methylococcaceae;g__Methylococcus;s__Methylococcus sp026247885
GCF_026247885.1	NZ_CP110921.1_2779	Root; pmoA_amoA_pxmA; Gammaproteobacteria_pmoA; Methylococcaceae_pmoA	d__Bacteria;p__Pseudomonadota;c__Gammaproteobacteria;o__Methylococcales;f__Methylococcaceae;g__Methylococcus;s__Methylococcus sp026247885
GCF_026427715.1	NZ_CP107558.1_1608	Root; pmoA_amoA_pxmA; Methylocystaceae_pmoA1	d__Bacteria;p__Pseudomonadota;c__Alphaproteobacteria;o__Rhizobiales;f__Beijerinckiaceae;g__Methylocystis;s__Methylocystis sp011058845
GCF_026427715.1	NZ_CP107558.1_2610	Root; pmoA_amoA_pxmA; Methylocystaceae_pmoA2	d__Bacteria;p__Pseudomonadota;c__Alphaproteobacteria;o__Rhizobiales;f__Beijerinckiaceae;g__Methylocystis;s__Methylocystis sp011058845
GCF_026427715.1	NZ_CP107558.1_459	Root; pmoA_amoA_pxmA; Methylocystaceae_pmoA1	d__Bacteria;p__Pseudomonadota;c__Alphaproteobacteria;o__Rhizobiales;f__Beijerinckiaceae;g__Methylocystis;s__Methylocystis sp011058845
GCF_026727675.1	NZ_CP091424.1_632	Root; pmoA_amoA_pxmA; Gammaproteobacteria_pmoA; Methylococcaceae_pmoA	d__Bacteria;p__Pseudomonadota;c__Gammaproteobacteria;o__Methylococcales;f__Methylomonadaceae;g__Methylobacter;s__Methylobacter sp026727675
GCF_027571405.1	NZ_CP092968.1_1565	Root; pmoA_amoA_pxmA; Methylocystaceae_pmoA2	d__Bacteria;p__Pseudomonadota;c__Alphaproteobacteria;o__Rhizobiales;f__Beijerinckiaceae;g__Methylocystis;s__Methylocystis parva
GCF_027571405.1	NZ_CP092968.1_3272	Root; pmoA_amoA_pxmA; Methylocystaceae_pmoA1	d__Bacteria;p__Pseudomonadota;c__Alphaproteobacteria;o__Rhizobiales;f__Beijerinckiaceae;g__Methylocystis;s__Methylocystis parva
GCF_027571405.1	NZ_CP092968.1_558	Root; pmoA_amoA_pxmA; Methylocystaceae_pmoA1	d__Bacteria;p__Pseudomonadota;c__Alphaproteobacteria;o__Rhizobiales;f__Beijerinckiaceae;g__Methylocystis;s__Methylocystis parva
GCF_027923385.1	NZ_BSEC01000001.1_1867	Root; pmoA_amoA_pxmA; Methylocystaceae_pmoA1	d__Bacteria;p__Pseudomonadota;c__Alphaproteobacteria;o__Rhizobiales;f__Beijerinckiaceae;g__Methylocystis;s__Methylocystis echinoides
GCF_027923385.1	NZ_BSEC01000001.1_3353	Root; pmoA_amoA_pxmA; pxmA; Alphaproteobacteria_pxmA	d__Bacteria;p__Pseudomonadota;c__Alphaproteobacteria;o__Rhizobiales;f__Beijerinckiaceae;g__Methylocystis;s__Methylocystis echinoides
GCF_027923385.1	NZ_BSEC01000001.1_617	Root; pmoA_amoA_pxmA; Methylocystaceae_pmoA1	d__Bacteria;p__Pseudomonadota;c__Alphaproteobacteria;o__Rhizobiales;f__Beijerinckiaceae;g__Methylocystis;s__Methylocystis echinoides
GCF_027923385.1	NZ_BSEC01000003.1_120	Root; pmoA_amoA_pxmA; pxmA; Alphaproteobacteria_pxmA	d__Bacteria;p__Pseudomonadota;c__Alphaproteobacteria;o__Rhizobiales;f__Beijerinckiaceae;g__Methylocystis;s__Methylocystis echinoides
GCF_027925385.1	NZ_AP027142.1_1790	Root; pmoA_amoA_pxmA; Methylocystaceae_pmoA1	d__Bacteria;p__Pseudomonadota;c__Alphaproteobacteria;o__Rhizobiales;f__Beijerinckiaceae;g__Methylocystis;s__Methylocystis iwaonis
GCF_027925385.1	NZ_AP027142.1_2809	Root; pmoA_amoA_pxmA; Methylocystaceae_pmoA2	d__Bacteria;p__Pseudomonadota;c__Alphaproteobacteria;o__Rhizobiales;f__Beijerinckiaceae;g__Methylocystis;s__Methylocystis iwaonis
GCF_027925385.1	NZ_AP027142.1_698	Root; pmoA_amoA_pxmA; Methylocystaceae_pmoA1	d__Bacteria;p__Pseudomonadota;c__Alphaproteobacteria;o__Rhizobiales;f__Beijerinckiaceae;g__Methylocystis;s__Methylocystis iwaonis
GCF_027925445.1	NZ_AP027149.1_1247	Root; pmoA_amoA_pxmA; Methylocystaceae_pmoA2	d__Bacteria;p__Pseudomonadota;c__Alphaproteobacteria;o__Rhizobiales;f__Beijerinckiaceae;g__Methylocystis;s__Methylocystis bryophila
GCF_027925445.1	NZ_AP027149.1_1500	Root; pmoA_amoA_pxmA; Methylocystaceae_pmoA1	d__Bacteria;p__Pseudomonadota;c__Alphaproteobacteria;o__Rhizobiales;f__Beijerinckiaceae;g__Methylocystis;s__Methylocystis bryophila
GCF_027925445.1	NZ_AP027149.1_2262	Root; pmoA_amoA_pxmA; Methylocystaceae_pmoA1	d__Bacteria;p__Pseudomonadota;c__Alphaproteobacteria;o__Rhizobiales;f__Beijerinckiaceae;g__Methylocystis;s__Methylocystis bryophila
GCF_027925445.1	NZ_AP027149.1_2927	Root; pmoA_amoA_pxmA; pxmA; Alphaproteobacteria_pxmA	d__Bacteria;p__Pseudomonadota;c__Alphaproteobacteria;o__Rhizobiales;f__Beijerinckiaceae;g__Methylocystis;s__Methylocystis bryophila
GCF_028687615.1	NZ_JAQTZU010000022.1_28	Root; pmoA_amoA_pxmA; Gammaproteobacteria_pmoA; Methylococcaceae_pmoA	d__Bacteria;p__Pseudomonadota;c__Gammaproteobacteria;o__Methylococcales;f__Methylomonadaceae;g__Methylovulum;s__Methylovulum sp028687615
GCF_029211265.1	NZ_JARGEL010000021.1_9	Root; pmoA_amoA_pxmA; Homologous_MO	d__Bacteria;p__Pseudomonadota;c__Gammaproteobacteria;o__Burkholderiales;f__Burkholderiaceae;g__Extensimonas;s__Extensimonas sp029211265
GCF_029643245.1	NZ_CP116398.1_2561	Root; pmoA_amoA_pxmA; Gammaproteobacteria_pmoA; Methylococcaceae_pmoA	d__Bacteria;p__Pseudomonadota;c__Gammaproteobacteria;o__Methylococcales;f__Methylomonadaceae;g__Methylomonas;s__Methylomonas koyamae_B
GCF_029643245.1	NZ_CP116398.1_3451	Root; pmoA_amoA_pxmA; pxmA; Methylococcaceae_pxmA	d__Bacteria;p__Pseudomonadota;c__Gammaproteobacteria;o__Methylococcales;f__Methylomonadaceae;g__Methylomonas;s__Methylomonas koyamae_B
GCF_029714325.1	NZ_CP121666.1_6984	Root; pmoA_amoA_pxmA; Homologous_MO	d__Bacteria;p__Pseudomonadota;c__Alphaproteobacteria;o__Rhizobiales;f__Xanthobacteraceae;g__Bradyrhizobium;s__Bradyrhizobium sp029714325
GCF_029714945.1	NZ_CP121634.1_6435	Root; pmoA_amoA_pxmA; Homologous_MO	d__Bacteria;p__Pseudomonadota;c__Alphaproteobacteria;o__Rhizobiales;f__Xanthobacteraceae;g__Bradyrhizobium;s__Bradyrhizobium sp024199945
GCF_029855125.1	NZ_CP123229.1_1956	Root; pmoA_amoA_pxmA; Beijerinckiaceae_pmoA; USCa	d__Bacteria;p__Pseudomonadota;c__Alphaproteobacteria;o__Rhizobiales;f__Beijerinckiaceae;g__Methylocella;s__Methylocella sp029855125
GCF_029910655.1	NZ_CP123897.1_1974	Root; pmoA_amoA_pxmA; pxmA; Methylococcaceae_pxmA	d__Bacteria;p__Pseudomonadota;c__Gammaproteobacteria;o__Methylococcales;f__Methylomonadaceae;g__Methylomonas;s__Methylomonas koyamae_A
GCF_029910655.1	NZ_CP123897.1_353	Root; pmoA_amoA_pxmA; Gammaproteobacteria_pmoA; Methylococcaceae_pmoA	d__Bacteria;p__Pseudomonadota;c__Gammaproteobacteria;o__Methylococcales;f__Methylomonadaceae;g__Methylomonas;s__Methylomonas koyamae_A
GCF_029945895.1	NZ_JAQSDL010000029.1_46	Root; pmoA_amoA_pxmA; Nevskiales_Macondimonas	d__Bacteria;p__Pseudomonadota;c__Gammaproteobacteria;o__Burkholderiales;f__Burkholderiaceae;g__Polaromonas;s__Polaromonas sp029945895
GCF_029961025.1	NZ_JASBVP010000002.1_298	Root; Homologous_pmoA; Actinobacteria	d__Bacteria;p__Actinomycetota;c__Actinomycetes;o__Mycobacteriales;f__Mycobacteriaceae;g__Mycobacterium;s__Mycobacterium sp029961025
GCF_029989365.1	NZ_JAPRAQ010000047.1_10	Root; pmoA_amoA_pxmA; Homologous_MO	d__Bacteria;p__Pseudomonadota;c__Alphaproteobacteria;o__Rhizobiales;f__Xanthobacteraceae;g__Bradyrhizobium;s__Bradyrhizobium sp029989365
GCF_030294985.1	NZ_AP024718.1_2306	Root; pmoA_amoA_pxmA; Gammaproteobacteria_pmoA; Methylococcaceae_pmoA	d__Bacteria;p__Pseudomonadota;c__Gammaproteobacteria;o__Methylococcales;f__Methylothermaceae;g__Methylohalobius;s__Methylohalobius sp030294985
GCF_030294985.1	NZ_AP024718.1_551	Root; pmoA_amoA_pxmA; Gammaproteobacteria_pmoA; Methylococcaceae_pmoA	d__Bacteria;p__Pseudomonadota;c__Gammaproteobacteria;o__Methylococcales;f__Methylothermaceae;g__Methylohalobius;s__Methylohalobius sp030294985
GCF_030295745.1	NZ_AP027291.1_4216	Root; Homologous_pmoA; Actinobacteria	d__Bacteria;p__Actinomycetota;c__Actinomycetes;o__Mycobacteriales;f__Mycobacteriaceae;g__Mycobacterium;s__Mycobacterium sp030295745
GCF_030345715.1	NZ_JAUASX010000012.1_140	Root; pmoA_amoA_pxmA; Nevskiales_Macondimonas; Nevskiales	d__Bacteria;p__Pseudomonadota;c__Gammaproteobacteria;o__Nevskiales;f__Nevskiaceae;g__Solimonas_A;s__Solimonas_A sp030345715
GCF_030490285.1	NZ_CP129884.1_322	Root; pmoA_amoA_pxmA; Gammaproteobacteria_pmoA; Methylococcaceae_pmoA	d__Bacteria;p__Pseudomonadota;c__Gammaproteobacteria;o__Methylococcales;f__Methylomonadaceae;g__Methylomonas;s__Methylomonas sp030490285
GCF_030646925.1	NZ_JAUSKL010000071.1_10	Root; Homologous_pmoA; Homologous_Binatales	d__Bacteria;p__Desulfobacterota_B;c__Binatia;o__Binatales;f__Binataceae;g__Binatus;s__Binatus sp030646925
GCF_030651835.1	NZ_JAUSBX010000095.1_10	Root; pmoA_amoA_pxmA; Gammaproteobacteria_pmoA; Methylococcaceae_pmoA	d__Bacteria;p__Pseudomonadota;c__Gammaproteobacteria;o__Methylococcales;f__Methylomonadaceae;g__Methylicorpusculum;s__Methylicorpusculum sp030651835
GCF_030651835.1	NZ_JAUSBX010000127.1_4	Root; pmoA_amoA_pxmA; pxmA; Methylococcaceae_pxmA	d__Bacteria;p__Pseudomonadota;c__Gammaproteobacteria;o__Methylococcales;f__Methylomonadaceae;g__Methylicorpusculum;s__Methylicorpusculum sp030651835
GCF_030680395.1	NZ_JAUXVR010000007.1_413	Root; pmoA_amoA_pxmA; Gammaproteobacteria_pmoA; Methylococcaceae_pmoA	d__Bacteria;p__Pseudomonadota;c__Gammaproteobacteria;o__Methylococcales;f__Methylomonadaceae;g__Methylobacter_A;s__Methylobacter_A sp030680395
GCF_030717995.1	NZ_JAUZWD010000002.1_3376	Root; pmoA_amoA_pxmA; Gammaproteobacteria_pmoA; Methylococcaceae_pmoA	d__Bacteria;p__Pseudomonadota;c__Gammaproteobacteria;o__Methylococcales;f__Methylomonadaceae;g__Methylomarinum;s__Methylomarinum sp030717995
GCF_030908545.1	NZ_CP133083.1_1258	Root; pmoA_amoA_pxmA; amoA; Betaproteobacteria_amoA	d__Bacteria;p__Pseudomonadota;c__Gammaproteobacteria;o__Burkholderiales;f__Nitrosomonadaceae;g__Nitrosomonas;s__Nitrosomonas sp019745325
GCF_030908545.1	NZ_CP133083.1_2544	Root; pmoA_amoA_pxmA; amoA; Betaproteobacteria_amoA	d__Bacteria;p__Pseudomonadota;c__Gammaproteobacteria;o__Burkholderiales;f__Nitrosomonadaceae;g__Nitrosomonas;s__Nitrosomonas sp019745325
GCF_030908545.1	NZ_CP133083.1_737	Root; pmoA_amoA_pxmA; amoA; Betaproteobacteria_amoA	d__Bacteria;p__Pseudomonadota;c__Gammaproteobacteria;o__Burkholderiales;f__Nitrosomonadaceae;g__Nitrosomonas;s__Nitrosomonas sp019745325
GCF_900100985.1	NZ_FMUF01000044.1_2	Root; pmoA_amoA_pxmA; amoA; Betaproteobacteria_amoA	d__Bacteria;p__Pseudomonadota;c__Gammaproteobacteria;o__Burkholderiales;f__Nitrosomonadaceae;g__Nitrosospira;s__Nitrosospira sp900100985
GCF_900128525.1	NZ_FQTQ01000051.1_16	Root; pmoA_amoA_pxmA; Gammaproteobacteria_pmoA; Methylococcaceae_pmoA	d__Bacteria;p__Pseudomonadota;c__Gammaproteobacteria;o__Methylococcales;f__Methylomonadaceae;g__Methyloprofundus;s__Methyloprofundus sp900128525
GCF_900155475.1	NZ_FXAM01000001.1_2524	Root; pmoA_amoA_pxmA; Gammaproteobacteria_pmoA; Methylococcaceae_pmoA	d__Bacteria;p__Pseudomonadota;c__Gammaproteobacteria;o__Methylococcales;f__Methylococcaceae;g__Methylomagnum;s__Methylomagnum ishizawai_A
GCF_900155475.1	NZ_FXAM01000001.1_4087	Root; pmoA_amoA_pxmA; Gammaproteobacteria_pmoA; Methylococcaceae_pmoA	d__Bacteria;p__Pseudomonadota;c__Gammaproteobacteria;o__Methylococcales;f__Methylococcaceae;g__Methylomagnum;s__Methylomagnum ishizawai_A
GCF_900155475.1	NZ_FXAM01000002.1_117	Root; pmoA_amoA_pxmA; pxmA	d__Bacteria;p__Pseudomonadota;c__Gammaproteobacteria;o__Methylococcales;f__Methylococcaceae;g__Methylomagnum;s__Methylomagnum ishizawai_A
GCF_900163745.1	NZ_FUKJ01000014.1_3	Root; pmoA_amoA_pxmA; pxmA	d__Bacteria;p__Pseudomonadota;c__Gammaproteobacteria;o__Methylococcales;f__Methylomonadaceae;g__Crenothrix;s__Crenothrix polyspora_B
GCF_900163745.1	NZ_FUKJ01000458.1_14	Root; pmoA_amoA_pxmA; Gammaproteobacteria_pmoA; Methylococcaceae_pmoA	d__Bacteria;p__Pseudomonadota;c__Gammaproteobacteria;o__Methylococcales;f__Methylomonadaceae;g__Crenothrix;s__Crenothrix polyspora_B
GCF_900163755.1	NZ_FUKI01000053.1_4	Root; pmoA_amoA_pxmA; pxmA	d__Bacteria;p__Pseudomonadota;c__Gammaproteobacteria;o__Methylococcales;f__Methylomonadaceae;g__Crenothrix;s__Crenothrix polyspora
GCF_900163755.1	NZ_FUKI01000135.1_27	Root; pmoA_amoA_pxmA; Gammaproteobacteria_pmoA; Methylococcaceae_pmoA	d__Bacteria;p__Pseudomonadota;c__Gammaproteobacteria;o__Methylococcales;f__Methylomonadaceae;g__Crenothrix;s__Crenothrix polyspora
GCF_902143375.2	NZ_CABFVA020000109.1_2	Root; pmoA_amoA_pxmA; Verrucomicrobia_pmoA	d__Bacteria;p__Verrucomicrobiota;c__Verrucomicrobiae;o__Methylacidiphilales;f__Methylacidiphilaceae;g__Methylacidimicrobium;s__Methylacidimicrobium tartarophylax
GCF_902143385.2	NZ_CABFUZ020000250.1_1	Root; pmoA_amoA_pxmA; Verrucomicrobia_pmoA	d__Bacteria;p__Verrucomicrobiota;c__Verrucomicrobiae;o__Methylacidiphilales;f__Methylacidiphilaceae;g__Methylacidimicrobium;s__Methylacidimicrobium cyclopophantes
GCF_902143385.2	NZ_CABFUZ020000258.1_4	Root; pmoA_amoA_pxmA; Verrucomicrobia_pmoA	d__Bacteria;p__Verrucomicrobiota;c__Verrucomicrobiae;o__Methylacidiphilales;f__Methylacidiphilaceae;g__Methylacidimicrobium;s__Methylacidimicrobium cyclopophantes
GCF_902806695.1	NZ_CADCXN010000080.1_28	Root; pmoA_amoA_pxmA; Gammaproteobacteria_pmoA; Methylococcaceae_pmoA	d__Bacteria;p__Pseudomonadota;c__Gammaproteobacteria;o__Methylococcales;f__Methylomonadaceae;g__Methylobacter_B;s__Methylobacter_B favarea
GCF_902826915.1	NZ_CADEGP010000060.1_14	Root; pmoA_amoA_pxmA; amoA; Betaproteobacteria_amoA	d__Bacteria;p__Pseudomonadota;c__Gammaproteobacteria;o__Burkholderiales;f__Nitrosomonadaceae;g__Nitrosomonas;s__Nitrosomonas sp902826915
GCF_903064525.1	NZ_LR797830.1_770	Root; pmoA_amoA_pxmA; Verrucomicrobia_pmoA	d__Bacteria;p__Verrucomicrobiota;c__Verrucomicrobiae;o__Methylacidiphilales;f__Methylacidiphilaceae;g__Methylacidimicrobium;s__Methylacidimicrobium sp903064525
GCF_903064525.1	NZ_LR797830.1_773	Root; pmoA_amoA_pxmA; Verrucomicrobia_pmoA	d__Bacteria;p__Verrucomicrobiota;c__Verrucomicrobiae;o__Methylacidiphilales;f__Methylacidiphilaceae;g__Methylacidimicrobium;s__Methylacidimicrobium sp903064525
GCF_905250085.1	NZ_CAJNOB010000056.1_51	Root; pmoA_amoA_pxmA; Verrucomicrobia_pmoA	d__Bacteria;p__Verrucomicrobiota;c__Verrucomicrobiae;o__Methylacidiphilales;f__Methylacidiphilaceae;g__Methylacidithermus;s__Methylacidithermus pantelleriae
GCF_937988725.1	NZ_CALKHS010000005.1_2	Root; pmoA_amoA_pxmA; amoA; Betaproteobacteria_amoA	d__Bacteria;p__Pseudomonadota;c__Gammaproteobacteria;o__Burkholderiales;f__Burkholderiaceae;g__Castellaniella;s__Castellaniella sp937988725
GCF_945836005.1	NZ_OX241534.1_1282	Root; pmoA_amoA_pxmA; Nitrosococcus	d__Bacteria;p__Pseudomonadota;c__Gammaproteobacteria;o__Nitrosococcales;f__Nitrosococcaceae;g__Nitrosacidococcus;s__Nitrosacidococcus sp945836005
GCF_947648125.1	NZ_CANSMR010000001.1_268	Root; pmoA_amoA_pxmA; Homologous_MO	d__Bacteria;p__Pseudomonadota;c__Alphaproteobacteria;o__Rhizobiales;f__Xanthobacteraceae;g__Bradyrhizobium;s__Bradyrhizobium sp947648125
MFD00008.bin.1.24	contig_26906_102	Root; Homologous_pmoA; Homologous_Binatales	d__Bacteria;p__Desulfobacterota_B;c__Binatia;o__Binatales;f__Binataceae;g__JAKAVN01;s__
MFD00008.bin.2.143	contig_52192_109	Root; pmoA_amoA_pxmA; Beijerinckiaceae_pmoA; USCa	d__Bacteria;p__Pseudomonadota;c__Alphaproteobacteria;o__Rhizobiales;f__Beijerinckiaceae;g__Methylocella;s__Methylocella sp003162995
MFD00082.bin.3.91	contig_27092_66	Root; pmoA_amoA_pxmA; Gammaproteobacteria_pmoA; Methylococcaceae_pmoA	d__Bacteria;p__Pseudomonadota;c__Gammaproteobacteria;o__Methylococcales;f__Methylomonadaceae;g__Methylomonas;s__
MFD00082.bin.3.91	contig_5692_5	Root; pmoA_amoA_pxmA; pxmA; Methylococcaceae_pxmA	d__Bacteria;p__Pseudomonadota;c__Gammaproteobacteria;o__Methylococcales;f__Methylomonadaceae;g__Methylomonas;s__
MFD00392.bin.2.299	contig_2904_106	Root; pmoA_amoA_pxmA; amoA; Betaproteobacteria_amoA	d__Bacteria;p__Pseudomonadota;c__Gammaproteobacteria;o__Burkholderiales;f__Nitrosomonadaceae;g__Nitrosospira;s__
MFD00392.bin.2.299	contig_47854_2	Root; pmoA_amoA_pxmA; amoA; Betaproteobacteria_amoA	d__Bacteria;p__Pseudomonadota;c__Gammaproteobacteria;o__Burkholderiales;f__Nitrosomonadaceae;g__Nitrosospira;s__
MFD00392.bin.2.399	contig_3958_304	Root; pmoA_amoA_pxmA; amoA; Betaproteobacteria_amoA	d__Bacteria;p__Pseudomonadota;c__Gammaproteobacteria;o__Burkholderiales;f__Nitrosomonadaceae;g__Nitrosospira;s__Nitrosospira sp900113575
MFD00392.bin.2.399	contig_3958_99	Root; pmoA_amoA_pxmA; amoA; Betaproteobacteria_amoA	d__Bacteria;p__Pseudomonadota;c__Gammaproteobacteria;o__Burkholderiales;f__Nitrosomonadaceae;g__Nitrosospira;s__Nitrosospira sp900113575
MFD00709.bin.2.184	contig_15128_4	Root; pmoA_amoA_pxmA; Gammaproteobacteria_pmoA; Methylococcaceae_pmoA	d__Bacteria;p__Pseudomonadota;c__Gammaproteobacteria;o__Methylococcales;f__Methylomonadaceae;g__Methylobacter_C;s__Methylobacter_C sp002256465
MFD00709.bin.2.38	contig_26211_66	Root; pmoA_amoA_pxmA; amoA; Nitrospira_clade_B	d__Bacteria;p__Nitrospirota;c__Nitrospiria;o__Nitrospirales;f__Nitrospiraceae;g__Palsa-1315;s__
MFD00731.bin.2.22	contig_24158_259	Root; pmoA_amoA_pxmA; pxmA; Alphaproteobacteria_pxmA	d__Bacteria;p__Pseudomonadota;c__Alphaproteobacteria;o__Rhizobiales;f__Beijerinckiaceae;g__Methylocella;s__
MFD00731.bin.2.22	contig_38166_218	Root; pmoA_amoA_pxmA; Beijerinckiaceae_pmoA; USCa	d__Bacteria;p__Pseudomonadota;c__Alphaproteobacteria;o__Rhizobiales;f__Beijerinckiaceae;g__Methylocella;s__
MFD00731.bin.3.376	contig_724_47	Root; Homologous_pmoA; Homologous_Binatales	d__Bacteria;p__Desulfobacterota_B;c__Binatia;o__Binatales;f__Binataceae;g__JAKAVN01;s__
MFD00822.bin.2.1	contig_46469_144	Root; Homologous_pmoA; Homologous_Binatales	d__Bacteria;p__Desulfobacterota_B;c__Binatia;o__Binatales;f__Binataceae;g__JAKAVN01;s__
MFD00822.bin.2.112	contig_41063_129	Root; pmoA_amoA_pxmA; Beijerinckiaceae_pmoA; USCa	d__Bacteria;p__Pseudomonadota;c__Alphaproteobacteria;o__Rhizobiales;f__Beijerinckiaceae;g__Methylocella;s__
MFD00905.bin.2.107	contig_42409_62	Root; pmoA_amoA_pxmA; Gammaproteobacteria_pmoA; Methylococcaceae_pmoA	d__Bacteria;p__Pseudomonadota;c__Gammaproteobacteria;o__Methylococcales;f__Methylomonadaceae;g__Methylobacter_A;s__
MFD00905.bin.2.170	contig_14798_159	Root; pmoA_amoA_pxmA; Hyphomicrobiaceae_pmoA	d__Bacteria;p__Pseudomonadota;c__Alphaproteobacteria;o__Rhizobiales;f__Rhodomicrobiaceae;g__;s__
MFD00964.bin.1.195	contig_38581_131	Root; Homologous_pmoA; Homologous_Binatales	d__Bacteria;p__Desulfobacterota_B;c__Binatia;o__Binatales;f__Binataceae;g__JAKAVN01;s__
MFD00964.bin.2.136	contig_10285_241	Root; pmoA_amoA_pxmA; pxmA; Alphaproteobacteria_pxmA	d__Bacteria;p__Pseudomonadota;c__Alphaproteobacteria;o__Rhizobiales;f__Beijerinckiaceae;g__Methylocella;s__
MFD00964.bin.2.136	contig_34103_55	Root; pmoA_amoA_pxmA; Beijerinckiaceae_pmoA; USCa	d__Bacteria;p__Pseudomonadota;c__Alphaproteobacteria;o__Rhizobiales;f__Beijerinckiaceae;g__Methylocella;s__
MFD00964.bin.2.23	contig_28460_284	Root; pmoA_amoA_pxmA; Beijerinckiaceae_pmoA; USCa	d__Bacteria;p__Pseudomonadota;c__Alphaproteobacteria;o__Rhizobiales;f__Beijerinckiaceae;g__Methylocella;s__Methylocella sp002890675
MFD00964.bin.2.23	contig_29671_181	Root; pmoA_amoA_pxmA; Beijerinckiaceae_pmoA; USCa	d__Bacteria;p__Pseudomonadota;c__Alphaproteobacteria;o__Rhizobiales;f__Beijerinckiaceae;g__Methylocella;s__Methylocella sp002890675
MFD00964.bin.2.23	contig_49947_138	Root; pmoA_amoA_pxmA; pxmA; Alphaproteobacteria_pxmA	d__Bacteria;p__Pseudomonadota;c__Alphaproteobacteria;o__Rhizobiales;f__Beijerinckiaceae;g__Methylocella;s__Methylocella sp002890675
MFD00964.bin.2.57	contig_38584_30	Root; Homologous_pmoA; Homologous_Binatales	d__Bacteria;p__Desulfobacterota_B;c__Binatia;o__Binatales;f__Binataceae;g__JAKAVN01;s__
MFD00991.bin.1.145	contig_71630_34	Root; Homologous_pmoA; Homologous_Binatales	d__Bacteria;p__Desulfobacterota_B;c__Binatia;o__Binatales;f__Binataceae;g__JAKAVN01;s__
MFD00991.bin.1.7	contig_27164_2889	Root; pmoA_amoA_pxmA; Putative_pmoA_Binatales	d__Bacteria;p__Desulfobacterota_B;c__Binatia;o__Binatales;f__Binataceae;g__Binatus;s__
MFD00991.bin.1.95	contig_34875_154	Root; Homologous_pmoA; Homologous_Binatales	d__Bacteria;p__Desulfobacterota_B;c__Binatia;o__Binatales;f__Binataceae;g__JAKAVN01;s__
MFD00991.bin.2.3	contig_68145_7	Root; Homologous_pmoA; Homologous_Binatales	d__Bacteria;p__Desulfobacterota_B;c__Binatia;o__Binatales;f__Binataceae;g__Binatus;s__
MFD01188.bin.2.25	contig_77694_14	Root; pmoA_amoA_pxmA; Methylocystaceae_pmoA1	d__Bacteria;p__Pseudomonadota;c__Alphaproteobacteria;o__Rhizobiales;f__Beijerinckiaceae;g__Methylosinus;s__
MFD01188.bin.2.38	contig_19951_48	Root; pmoA_amoA_pxmA; Hyphomicrobiaceae_pmoA	d__Bacteria;p__Pseudomonadota;c__Alphaproteobacteria;o__Rhizobiales;f__Rhodomicrobiaceae;g__Rhodomicrobium;s__
MFD01188.bin.2.47	contig_3128_23	Root; pmoA_amoA_pxmA; Methylocystaceae_pmoA1	d__Bacteria;p__Pseudomonadota;c__Alphaproteobacteria;o__Rhizobiales;f__Beijerinckiaceae;g__Methylocystis;s__
MFD01188.bin.2.47	contig_3362_38	Root; pmoA_amoA_pxmA; Methylocystaceae_pmoA2	d__Bacteria;p__Pseudomonadota;c__Alphaproteobacteria;o__Rhizobiales;f__Beijerinckiaceae;g__Methylocystis;s__
MFD01223.bin.2.75	contig_1902_35	Root; pmoA_amoA_pxmA; Methylocystaceae_pmoA2	d__Bacteria;p__Pseudomonadota;c__Alphaproteobacteria;o__Rhizobiales;f__Beijerinckiaceae;g__Methylocystis;s__
MFD01223.bin.2.75	contig_21741_24	Root; pmoA_amoA_pxmA; Methylocystaceae_pmoA1	d__Bacteria;p__Pseudomonadota;c__Alphaproteobacteria;o__Rhizobiales;f__Beijerinckiaceae;g__Methylocystis;s__
MFD01223.bin.2.75	contig_5297_358	Root; pmoA_amoA_pxmA; Methylocystaceae_pmoA1	d__Bacteria;p__Pseudomonadota;c__Alphaproteobacteria;o__Rhizobiales;f__Beijerinckiaceae;g__Methylocystis;s__
MFD01248.bin.2.11	contig_21791_64	Root; Homologous_pmoA; Homologous_Binatales	d__Bacteria;p__Desulfobacterota_B;c__Binatia;o__Binatales;f__Binataceae;g__JAKAVN01;s__
MFD01248.bin.2.20	contig_116_524	Root; Homologous_pmoA; Homologous_Binatales	d__Bacteria;p__Desulfobacterota_B;c__Binatia;o__Binatales;f__Binataceae;g__Binatus;s__
MFD01248.bin.2.65	contig_4531_269	Root; pmoA_amoA_pxmA; pxmA; Alphaproteobacteria_pxmA	d__Bacteria;p__Pseudomonadota;c__Alphaproteobacteria;o__Rhizobiales;f__Beijerinckiaceae;g__Methylocella;s__Methylocella sp002890675
MFD01248.bin.2.65	contig_58_2256	Root; pmoA_amoA_pxmA; Beijerinckiaceae_pmoA; USCa	d__Bacteria;p__Pseudomonadota;c__Alphaproteobacteria;o__Rhizobiales;f__Beijerinckiaceae;g__Methylocella;s__Methylocella sp002890675
MFD01248.bin.2.65	contig_58_2657	Root; pmoA_amoA_pxmA; Beijerinckiaceae_pmoA; USCa	d__Bacteria;p__Pseudomonadota;c__Alphaproteobacteria;o__Rhizobiales;f__Beijerinckiaceae;g__Methylocella;s__Methylocella sp002890675
MFD01248.bin.2.65	contig_58_4871	Root; pmoA_amoA_pxmA; Beijerinckiaceae_pmoA; USCa	d__Bacteria;p__Pseudomonadota;c__Alphaproteobacteria;o__Rhizobiales;f__Beijerinckiaceae;g__Methylocella;s__Methylocella sp002890675
MFD01248.bin.2.65	contig_9549_75	Root; pmoA_amoA_pxmA; pxmA; Alphaproteobacteria_pxmA	d__Bacteria;p__Pseudomonadota;c__Alphaproteobacteria;o__Rhizobiales;f__Beijerinckiaceae;g__Methylocella;s__Methylocella sp002890675
MFD01299.bin.2.141	contig_11126_58	Root; pmoA_amoA_pxmA; Hyphomicrobiaceae_pmoA	d__Bacteria;p__Pseudomonadota;c__Alphaproteobacteria;o__Rhizobiales;f__Rhodomicrobiaceae;g__Rhodomicrobium;s__
MFD01299.bin.2.141	contig_3683_58	Root; pmoA_amoA_pxmA; Hyphomicrobiaceae_pmoA	d__Bacteria;p__Pseudomonadota;c__Alphaproteobacteria;o__Rhizobiales;f__Rhodomicrobiaceae;g__Rhodomicrobium;s__
MFD01299.bin.2.191	contig_14427_28	Root; pmoA_amoA_pxmA; Methylocystaceae_pmoA2	d__Bacteria;p__Pseudomonadota;c__Alphaproteobacteria;o__Rhizobiales;f__Beijerinckiaceae;g__Methylocystis;s__
MFD01476.bin.2.12	contig_18619_28	Root; pmoA_amoA_pxmA; Methylocystaceae_pmoA1	d__Bacteria;p__Pseudomonadota;c__Alphaproteobacteria;o__Rhizobiales;f__Beijerinckiaceae;g__Methylocystis;s__
MFD01476.bin.2.12	contig_43940_109	Root; pmoA_amoA_pxmA; Methylocystaceae_pmoA2	d__Bacteria;p__Pseudomonadota;c__Alphaproteobacteria;o__Rhizobiales;f__Beijerinckiaceae;g__Methylocystis;s__
MFD01476.bin.2.131	contig_16029_67	Root; pmoA_amoA_pxmA; Methylocystaceae_pmoA1	d__Bacteria;p__Pseudomonadota;c__Alphaproteobacteria;o__Rhizobiales;f__Beijerinckiaceae;g__Methylocystis;s__
MFD01476.bin.2.131	contig_99334_23	Root; pmoA_amoA_pxmA; Methylocystaceae_pmoA1	d__Bacteria;p__Pseudomonadota;c__Alphaproteobacteria;o__Rhizobiales;f__Beijerinckiaceae;g__Methylocystis;s__
MFD01476.bin.3.18	contig_26573_150	Root; pmoA_amoA_pxmA; Hyphomicrobiaceae_pmoA	d__Bacteria;p__Pseudomonadota;c__Alphaproteobacteria;o__Rhizobiales;f__Rhodomicrobiaceae;g__Rhodomicrobium;s__
MFD01561.bin.2.56	contig_5993_81	Root; pmoA_amoA_pxmA; amoA; Nitrospira_clade_A	d__Bacteria;p__Nitrospirota;c__Nitrospiria;o__Nitrospirales;f__Nitrospiraceae;g__Nitrospira_D;s__
MFD01561.bin.3.232	contig_5901_81	Root; pmoA_amoA_pxmA; amoA; Nitrospira_clade_B	d__Bacteria;p__Nitrospirota;c__Nitrospiria;o__Nitrospirales;f__Nitrospiraceae;g__Palsa-1315;s__
MFD01633.bin.2.178	contig_37492_146	Root; Homologous_pmoA; Homologous_Binatales	d__Bacteria;p__Desulfobacterota_B;c__Binatia;o__Binatales;f__Binataceae;g__Binatus;s__
MFD01689.bin.2.75	contig_25274_83	Root; pmoA_amoA_pxmA; pxmA; Alphaproteobacteria_pxmA	d__Bacteria;p__Pseudomonadota;c__Alphaproteobacteria;o__Rhizobiales;f__Beijerinckiaceae;g__Methylocystis;s__
MFD01689.bin.2.75	contig_26716_187	Root; pmoA_amoA_pxmA; Methylocystaceae_pmoA1	d__Bacteria;p__Pseudomonadota;c__Alphaproteobacteria;o__Rhizobiales;f__Beijerinckiaceae;g__Methylocystis;s__
MFD01689.bin.2.75	contig_29499_297	Root; pmoA_amoA_pxmA; Methylocystaceae_pmoA1	d__Bacteria;p__Pseudomonadota;c__Alphaproteobacteria;o__Rhizobiales;f__Beijerinckiaceae;g__Methylocystis;s__
MFD01689.bin.2.79	contig_42875_28	Root; pmoA_amoA_pxmA; Methylocystaceae_pmoA1	d__Bacteria;p__Pseudomonadota;c__Alphaproteobacteria;o__Rhizobiales;f__Beijerinckiaceae;g__Methylocystis;s__
MFD01716.bin.2.93	contig_39718_917	Root; Homologous_pmoA; Homologous_Binatales	d__Bacteria;p__Desulfobacterota_B;c__Binatia;o__Binatales;f__Binataceae;g__JAKAVN01;s__
MFD01716.bin.3.40	contig_12723_73	Root; pmoA_amoA_pxmA; Beijerinckiaceae_pmoA; USCa	d__Bacteria;p__Pseudomonadota;c__Alphaproteobacteria;o__Rhizobiales;f__Beijerinckiaceae;g__Methylocella;s__Methylocella sp003162995
MFD01716.bin.3.99	contig_10983_6	Root; pmoA_amoA_pxmA; Methylocystaceae_pmoA1	d__Bacteria;p__Pseudomonadota;c__Alphaproteobacteria;o__Rhizobiales;f__Beijerinckiaceae;g__Methylocystis;s__
MFD01716.bin.3.99	contig_15985_86	Root; pmoA_amoA_pxmA; Methylocystaceae_pmoA2	d__Bacteria;p__Pseudomonadota;c__Alphaproteobacteria;o__Rhizobiales;f__Beijerinckiaceae;g__Methylocystis;s__
MFD01716.bin.3.99	contig_5302_233	Root; pmoA_amoA_pxmA; pxmA; Alphaproteobacteria_pxmA	d__Bacteria;p__Pseudomonadota;c__Alphaproteobacteria;o__Rhizobiales;f__Beijerinckiaceae;g__Methylocystis;s__
MFD01828.bin.2.52	contig_21003_74	Root; pmoA_amoA_pxmA; Methylocystaceae_pmoA1	d__Bacteria;p__Pseudomonadota;c__Alphaproteobacteria;o__Rhizobiales;f__Beijerinckiaceae;g__Methylocystis;s__
MFD01828.bin.2.52	contig_24521_76	Root; pmoA_amoA_pxmA; Methylocystaceae_pmoA1	d__Bacteria;p__Pseudomonadota;c__Alphaproteobacteria;o__Rhizobiales;f__Beijerinckiaceae;g__Methylocystis;s__
MFD01872.bin.2.261	contig_88304_59	Root; pmoA_amoA_pxmA; Beijerinckiaceae_pmoA; USCa	d__Bacteria;p__Pseudomonadota;c__Alphaproteobacteria;o__Rhizobiales;f__Beijerinckiaceae;g__Methylocella;s__
MFD01916.bin.1.6	contig_11030_21	Root; pmoA_amoA_pxmA	d__Bacteria;p__Actinomycetota;c__Actinomycetes;o__Propionibacteriales;f__Nocardioidaceae;g__Nocardioides;s__
MFD01916.bin.2.129	contig_12753_45	Root; pmoA_amoA_pxmA; amoA; Nitrospira_clade_B	d__Bacteria;p__Nitrospirota;c__Nitrospiria;o__Nitrospirales;f__Nitrospiraceae;g__Palsa-1315;s__
MFD02134.bin.3.45	contig_25935_41	Root; pmoA_amoA_pxmA; Beijerinckiaceae_pmoA; USCa	d__Bacteria;p__Pseudomonadota;c__Alphaproteobacteria;o__Rhizobiales;f__Beijerinckiaceae;g__Methylocella;s__Methylocella sp003162995
MFD02134.bin.3.88	contig_15104_25	Root; pmoA_amoA_pxmA; pxmA; Alphaproteobacteria_pxmA	d__Bacteria;p__Pseudomonadota;c__Alphaproteobacteria;o__Rhizobiales;f__Beijerinckiaceae;g__Methylocystis;s__
MFD02134.bin.3.88	contig_43487_26	Root; pmoA_amoA_pxmA; Methylocystaceae_pmoA1	d__Bacteria;p__Pseudomonadota;c__Alphaproteobacteria;o__Rhizobiales;f__Beijerinckiaceae;g__Methylocystis;s__
MFD02134.bin.3.88	contig_8564_87	Root; pmoA_amoA_pxmA; Methylocystaceae_pmoA1	d__Bacteria;p__Pseudomonadota;c__Alphaproteobacteria;o__Rhizobiales;f__Beijerinckiaceae;g__Methylocystis;s__
MFD02138.bin.2.56	contig_18430_30	Root; pmoA_amoA_pxmA; Methylocystaceae_pmoA1	d__Bacteria;p__Pseudomonadota;c__Alphaproteobacteria;o__Rhizobiales;f__Beijerinckiaceae;g__Methylocystis;s__
MFD02138.bin.2.56	contig_5045_34	Root; pmoA_amoA_pxmA; Methylocystaceae_pmoA1	d__Bacteria;p__Pseudomonadota;c__Alphaproteobacteria;o__Rhizobiales;f__Beijerinckiaceae;g__Methylocystis;s__
MFD02159.bin.2.7	contig_43868_51	Root; pmoA_amoA_pxmA; amoA; Nitrospira_clade_B	d__Bacteria;p__Nitrospirota;c__Nitrospiria;o__Nitrospirales;f__Nitrospiraceae;g__Palsa-1315;s__
MFD02199.bin.2.13	contig_4092_96	Root; pmoA_amoA_pxmA; amoA; Nitrospira_clade_B	d__Bacteria;p__Nitrospirota;c__Nitrospiria;o__Nitrospirales;f__Nitrospiraceae;g__Palsa-1315;s__
MFD02199.bin.2.196	contig_10766_526	Root; pmoA_amoA_pxmA; TUSC	d__Bacteria;p__Desulfobacterota_B;c__Binatia;o__JACPRU01;f__JACPRU01;g__JACPRU01;s__
MFD02199.bin.2.60	contig_1852_416	Root; pmoA_amoA_pxmA; amoA; Nitrospira_clade_B	d__Bacteria;p__Nitrospirota;c__Nitrospiria;o__Nitrospirales;f__Nitrospiraceae;g__Palsa-1315;s__
MFD02242.bin.1.111	contig_86750_78	Root; pmoA_amoA_pxmA; amoA; Nitrospira_clade_B	d__Bacteria;p__Nitrospirota;c__Nitrospiria;o__Nitrospirales;f__Nitrospiraceae;g__Palsa-1315;s__
MFD02248.bin.1.159	contig_5683_9	Root; Homologous_pmoA; Homologous_Binatales	d__Bacteria;p__Desulfobacterota_B;c__Binatia;o__Binatales;f__Binataceae;g__;s__
MFD02671.bin.2.103	contig_35344_95	Root; Homologous_pmoA; Homologous_Binatales	d__Bacteria;p__Desulfobacterota_B;c__Binatia;o__Binatales;f__Binataceae;g__JAKAVN01;s__
MFD02809.bin.1.116	contig_56868_33	Root; pmoA_amoA_pxmA; amoA; Nitrospira_clade_B	d__Bacteria;p__Nitrospirota;c__Nitrospiria;o__Nitrospirales;f__Nitrospiraceae;g__Palsa-1315;s__
MFD02809.bin.2.246	contig_46244_13	Root; pmoA_amoA_pxmA; Methylocystaceae_pmoA1	d__Bacteria;p__Pseudomonadota;c__Alphaproteobacteria;o__Rhizobiales;f__Beijerinckiaceae;g__Methylocystis;s__
MFD02809.bin.2.26	contig_46084_492	Root; pmoA_amoA_pxmA; Methylocystaceae_pmoA1	d__Bacteria;p__Pseudomonadota;c__Alphaproteobacteria;o__Rhizobiales;f__Beijerinckiaceae;g__Methylocystis;s__Methylocystis rosea
MFD02809.bin.2.311	contig_28535_11	Root; pmoA_amoA_pxmA; Methylocystaceae_pmoA1	d__Bacteria;p__Pseudomonadota;c__Alphaproteobacteria;o__Rhizobiales;f__Beijerinckiaceae;g__Methylocystis;s__Methylocystis sp021731785
MFD02809.bin.2.311	contig_38005_83	Root; pmoA_amoA_pxmA; Methylocystaceae_pmoA1	d__Bacteria;p__Pseudomonadota;c__Alphaproteobacteria;o__Rhizobiales;f__Beijerinckiaceae;g__Methylocystis;s__Methylocystis sp021731785
MFD02809.bin.2.311	contig_45354_80	Root; pmoA_amoA_pxmA; pxmA; Alphaproteobacteria_pxmA	d__Bacteria;p__Pseudomonadota;c__Alphaproteobacteria;o__Rhizobiales;f__Beijerinckiaceae;g__Methylocystis;s__Methylocystis sp021731785
MFD02809.bin.2.37	contig_187405_10	Root; pmoA_amoA_pxmA; pxmA; Alphaproteobacteria_pxmA	d__Bacteria;p__Pseudomonadota;c__Alphaproteobacteria;o__Rhizobiales;f__Beijerinckiaceae;g__Methylosinus;s__
MFD02809.bin.2.79	contig_158434_166	Root; pmoA_amoA_pxmA; TUSC	d__Bacteria;p__Desulfobacterota_B;c__Binatia;o__JACPRU01;f__JACPRU01;g__JACPRU01;s__
MFD03044.bin.1.11	contig_52216_32	Root; Homologous_pmoA; Homologous_Binatales	d__Bacteria;p__Desulfobacterota_B;c__Binatia;o__Binatales;f__Binataceae;g__JAKAVN01;s__
MFD03044.bin.2.73	contig_33627_23	Root; pmoA_amoA_pxmA; Methylocystaceae_pmoA1	d__Bacteria;p__Pseudomonadota;c__Alphaproteobacteria;o__Rhizobiales;f__Beijerinckiaceae;g__Methylocystis;s__
MFD03044.bin.2.73	contig_556_39	Root; pmoA_amoA_pxmA; Methylocystaceae_pmoA2	d__Bacteria;p__Pseudomonadota;c__Alphaproteobacteria;o__Rhizobiales;f__Beijerinckiaceae;g__Methylocystis;s__
MFD03044.bin.2.73	contig_582_265	Root; pmoA_amoA_pxmA; Methylocystaceae_pmoA1	d__Bacteria;p__Pseudomonadota;c__Alphaproteobacteria;o__Rhizobiales;f__Beijerinckiaceae;g__Methylocystis;s__
MFD03323.bin.1.51	contig_55175_100	Root; Homologous_pmoA; Homologous_Binatales	d__Bacteria;p__Desulfobacterota_B;c__Binatia;o__Binatales;f__Binataceae;g__JAKAVN01;s__
MFD03323.bin.3.319	contig_31538_165	Root; pmoA_amoA_pxmA; Putative_pmoA_Binatales	d__Bacteria;p__Desulfobacterota_B;c__Binatia;o__Binatales;f__Binataceae;g__Binatus;s__
MFD03346.bin.2.40	contig_13970_143	Root; pmoA_amoA_pxmA; Beijerinckiaceae_pmoA; USCa	d__Bacteria;p__Pseudomonadota;c__Alphaproteobacteria;o__Rhizobiales;f__Beijerinckiaceae;g__Methylocella;s__
MFD03346.bin.2.40	contig_19567_113	Root; pmoA_amoA_pxmA; pxmA; Alphaproteobacteria_pxmA	d__Bacteria;p__Pseudomonadota;c__Alphaproteobacteria;o__Rhizobiales;f__Beijerinckiaceae;g__Methylocella;s__
MFD03346.bin.3.151	contig_27262_212	Root; pmoA_amoA_pxmA; Beijerinckiaceae_pmoA; USCa	d__Bacteria;p__Pseudomonadota;c__Alphaproteobacteria;o__Rhizobiales;f__Beijerinckiaceae;g__Methylocella;s__
MFD03346.bin.3.151	contig_45385_5	Root; pmoA_amoA_pxmA; pxmA; Alphaproteobacteria_pxmA	d__Bacteria;p__Pseudomonadota;c__Alphaproteobacteria;o__Rhizobiales;f__Beijerinckiaceae;g__Methylocella;s__
MFD03346.bin.3.151	contig_45386_5	Root; pmoA_amoA_pxmA; pxmA; Alphaproteobacteria_pxmA	d__Bacteria;p__Pseudomonadota;c__Alphaproteobacteria;o__Rhizobiales;f__Beijerinckiaceae;g__Methylocella;s__
MFD03399.bin.1.126	contig_8434_268	Root; Homologous_pmoA; Homologous_Binatales	d__Bacteria;p__Desulfobacterota_B;c__Binatia;o__Binatales;f__Binataceae;g__JAKAVN01;s__
MFD03399.bin.2.87	contig_20654_99	Root; Homologous_pmoA; Homologous_Binatales	d__Bacteria;p__Desulfobacterota_B;c__Binatia;o__Binatales;f__Binataceae;g__;s__
MFD03726.bin.1.28	contig_18359_200	Root; pmoA_amoA_pxmA; Methylocystaceae_pmoA2	d__Bacteria;p__Pseudomonadota;c__Alphaproteobacteria;o__Rhizobiales;f__Beijerinckiaceae;g__Methylocystis;s__Methylocystis sp003134075
MFD03726.bin.1.28	contig_37815_193	Root; pmoA_amoA_pxmA; Methylocystaceae_pmoA1	d__Bacteria;p__Pseudomonadota;c__Alphaproteobacteria;o__Rhizobiales;f__Beijerinckiaceae;g__Methylocystis;s__Methylocystis sp003134075
MFD03726.bin.1.28	contig_51140_112	Root; pmoA_amoA_pxmA; Methylocystaceae_pmoA1	d__Bacteria;p__Pseudomonadota;c__Alphaproteobacteria;o__Rhizobiales;f__Beijerinckiaceae;g__Methylocystis;s__Methylocystis sp003134075
MFD03899.bin.2.115	contig_3223_448	Root; pmoA_amoA_pxmA; pxmA; Alphaproteobacteria_pxmA	d__Bacteria;p__Pseudomonadota;c__Alphaproteobacteria;o__Rhizobiales;f__Beijerinckiaceae;g__Methylocystis;s__Methylocystis silviterrae
MFD03899.bin.2.115	contig_3223_60	Root; pmoA_amoA_pxmA; Methylocystaceae_pmoA1	d__Bacteria;p__Pseudomonadota;c__Alphaproteobacteria;o__Rhizobiales;f__Beijerinckiaceae;g__Methylocystis;s__Methylocystis silviterrae
MFD03899.bin.2.115	contig_44873_67	Root; pmoA_amoA_pxmA; Methylocystaceae_pmoA1	d__Bacteria;p__Pseudomonadota;c__Alphaproteobacteria;o__Rhizobiales;f__Beijerinckiaceae;g__Methylocystis;s__Methylocystis silviterrae
MFD03899.bin.2.115	contig_63659_19	Root; pmoA_amoA_pxmA; Methylocystaceae_pmoA2	d__Bacteria;p__Pseudomonadota;c__Alphaproteobacteria;o__Rhizobiales;f__Beijerinckiaceae;g__Methylocystis;s__Methylocystis silviterrae
MFD03975.bin.2.15	contig_157328_165	Root; pmoA_amoA_pxmA; Homologous_MO	d__Bacteria;p__Desulfobacterota_B;c__Binatia;o__JACPRU01;f__JACPRU01;g__JACPRU01;s__
MFD03975.bin.2.15	contig_171582_27	Root; Homologous_pmoA; Homologous_Binatales	d__Bacteria;p__Desulfobacterota_B;c__Binatia;o__JACPRU01;f__JACPRU01;g__JACPRU01;s__
MFD04428.bin.2.10	contig_126358_45	Root; pmoA_amoA_pxmA; Hyphomicrobiaceae_pmoA	d__Bacteria;p__Pseudomonadota;c__Alphaproteobacteria;o__Rhizobiales;f__Rhodomicrobiaceae;g__Rhodomicrobium;s__
MFD04428.bin.2.12	contig_42715_33	Root; pmoA_amoA_pxmA; Beijerinckiaceae_pmoA; USCa	d__Bacteria;p__Pseudomonadota;c__Alphaproteobacteria;o__Rhizobiales;f__Beijerinckiaceae;g__Methylocella;s__Methylocella sp003162995
MFD04428.bin.2.7	contig_79233_120	Root; pmoA_amoA_pxmA; Hyphomicrobiaceae_pmoA	d__Bacteria;p__Pseudomonadota;c__Alphaproteobacteria;o__Rhizobiales;f__Rhodomicrobiaceae;g__Rhodomicrobium;s__
MFD04463.bin.2.83	contig_44108_272	Root; Homologous_pmoA; Homologous_Binatales	d__Bacteria;p__Desulfobacterota_B;c__Binatia;o__Binatales;f__Binataceae;g__JADMIL01;s__
MFD04463.bin.2.89	contig_49369_494	Root; pmoA_amoA_pxmA; pxmA; Alphaproteobacteria_pxmA	d__Bacteria;p__Pseudomonadota;c__Alphaproteobacteria;o__Rhizobiales;f__Beijerinckiaceae;g__Methylocella;s__
MFD04570.bin.2.90	contig_243727_11	Root; pmoA_amoA_pxmA; Hyphomicrobiaceae_pmoA	d__Bacteria;p__Pseudomonadota;c__Alphaproteobacteria;o__Rhizobiales;f__Rhodomicrobiaceae;g__Rhodomicrobium;s__
MFD04716.bin.2.191	contig_1194_107	Root; pmoA_amoA_pxmA; Gammaproteobacteria_pmoA; Methylococcaceae_pmoA	d__Bacteria;p__Pseudomonadota;c__Gammaproteobacteria;o__Methylococcales;f__Methylomonadaceae;g__;s__
MFD04716.bin.2.205	contig_10470_37	Root; pmoA_amoA_pxmA; pxmA; Methylococcaceae_pxmA	d__Bacteria;p__Pseudomonadota;c__Gammaproteobacteria;o__Methylococcales;f__Methylomonadaceae;g__Methylobacter_C;s__
MFD04716.bin.2.205	contig_70918_51	Root; pmoA_amoA_pxmA; Gammaproteobacteria_pmoA; Methylococcaceae_pmoA	d__Bacteria;p__Pseudomonadota;c__Gammaproteobacteria;o__Methylococcales;f__Methylomonadaceae;g__Methylobacter_C;s__
MFD04716.bin.3.389	contig_1502_138	Root; pmoA_amoA_pxmA; pxmA; Methylococcaceae_pxmA	d__Bacteria;p__Pseudomonadota;c__Gammaproteobacteria;o__Methylococcales;f__Methylomonadaceae;g__Methylobacter_C;s__
MFD04752.bin.1.159	contig_883_211	Root; pmoA_amoA_pxmA; Methylocystaceae_pmoA2	d__Bacteria;p__Pseudomonadota;c__Alphaproteobacteria;o__Rhizobiales;f__Beijerinckiaceae;g__Methylocystis;s__
MFD04752.bin.1.159	contig_883_762	Root; pmoA_amoA_pxmA; Methylocystaceae_pmoA1	d__Bacteria;p__Pseudomonadota;c__Alphaproteobacteria;o__Rhizobiales;f__Beijerinckiaceae;g__Methylocystis;s__
MFD04752.bin.1.159	contig_896_65	Root; pmoA_amoA_pxmA; Methylocystaceae_pmoA1	d__Bacteria;p__Pseudomonadota;c__Alphaproteobacteria;o__Rhizobiales;f__Beijerinckiaceae;g__Methylocystis;s__
MFD04752.bin.1.39	contig_20679_177	Root; pmoA_amoA_pxmA; Methylocystaceae_pmoA1	d__Bacteria;p__Pseudomonadota;c__Alphaproteobacteria;o__Rhizobiales;f__Beijerinckiaceae;g__Methylocystis;s__
MFD04752.bin.1.39	contig_39303_169	Root; pmoA_amoA_pxmA; Methylocystaceae_pmoA1	d__Bacteria;p__Pseudomonadota;c__Alphaproteobacteria;o__Rhizobiales;f__Beijerinckiaceae;g__Methylocystis;s__
MFD04752.bin.1.39	contig_7477_56	Root; pmoA_amoA_pxmA; pxmA; Alphaproteobacteria_pxmA	d__Bacteria;p__Pseudomonadota;c__Alphaproteobacteria;o__Rhizobiales;f__Beijerinckiaceae;g__Methylocystis;s__
MFD04752.bin.2.28	contig_55817_16	Root; Homologous_pmoA; Homologous_Binatales	d__Bacteria;p__Desulfobacterota_B;c__Binatia;o__Binatales;f__Binataceae;g__;s__
MFD04752.bin.2.54	contig_20644_44	Root; pmoA_amoA_pxmA; Hyphomicrobiaceae_pmoA	d__Bacteria;p__Pseudomonadota;c__Alphaproteobacteria;o__Rhizobiales;f__Rhodomicrobiaceae;g__Rhodomicrobium;s__
MFD04752.bin.3.55	contig_1340_11	Root; pmoA_amoA_pxmA; Methylocystaceae_pmoA1	d__Bacteria;p__Pseudomonadota;c__Alphaproteobacteria;o__Rhizobiales;f__Beijerinckiaceae;g__Methylocystis;s__
MFD04752.bin.3.55	contig_31153_2	Root; pmoA_amoA_pxmA; Methylocystaceae_pmoA1	d__Bacteria;p__Pseudomonadota;c__Alphaproteobacteria;o__Rhizobiales;f__Beijerinckiaceae;g__Methylocystis;s__
MFD04752.bin.3.55	contig_7465_26	Root; pmoA_amoA_pxmA; Methylocystaceae_pmoA2	d__Bacteria;p__Pseudomonadota;c__Alphaproteobacteria;o__Rhizobiales;f__Beijerinckiaceae;g__Methylocystis;s__
MFD05088.bin.2.110	contig_44369_7	Root; pmoA_amoA_pxmA; amoA; Betaproteobacteria_amoA	d__Bacteria;p__Actinomycetota;c__Thermoleophilia;o__Gaiellales;f__Gaiellaceae;g__;s__
MFD05088.bin.2.8	contig_17574_568	Root; pmoA_amoA_pxmA; amoA; Betaproteobacteria_amoA	d__Bacteria;p__Pseudomonadota;c__Gammaproteobacteria;o__Burkholderiales;f__Nitrosomonadaceae;g__Nitrosospira;s__Nitrosospira sp900113575
MFD05176.bin.2.276	contig_15878_624	Root; pmoA_amoA_pxmA; amoA; Betaproteobacteria_amoA	d__Bacteria;p__Pseudomonadota;c__Gammaproteobacteria;o__Burkholderiales;f__Nitrosomonadaceae;g__Nitrosospira;s__Nitrosospira sp900113575
MFD05176.bin.2.276	contig_20409_335	Root; pmoA_amoA_pxmA; amoA; Betaproteobacteria_amoA	d__Bacteria;p__Pseudomonadota;c__Gammaproteobacteria;o__Burkholderiales;f__Nitrosomonadaceae;g__Nitrosospira;s__Nitrosospira sp900113575
MFD05176.bin.2.276	contig_20409_563	Root; pmoA_amoA_pxmA; amoA; Betaproteobacteria_amoA	d__Bacteria;p__Pseudomonadota;c__Gammaproteobacteria;o__Burkholderiales;f__Nitrosomonadaceae;g__Nitrosospira;s__Nitrosospira sp900113575
MFD05377.bin.1.123	contig_30550_63	Root; Homologous_pmoA; Homologous_Binatales	d__Bacteria;p__Desulfobacterota_B;c__Binatia;o__Binatales;f__Binataceae;g__Binatus;s__
MFD05377.bin.1.193	contig_15296_1260	Root; Homologous_pmoA; Homologous_Binatales	d__Bacteria;p__Desulfobacterota_B;c__Binatia;o__Binatales;f__Binataceae;g__JAKAVN01;s__
MFD05377.bin.1.9	contig_82109_57	Root; pmoA_amoA_pxmA; Putative_pmoA_Binatales	d__Bacteria;p__Desulfobacterota_B;c__Binatia;o__Binatales;f__Binataceae;g__Binatus;s__
MFD05377.bin.2.81	contig_36680_130	Root; Homologous_pmoA; Homologous_Binatales	d__Bacteria;p__Desulfobacterota_B;c__Binatia;o__Binatales;f__Binataceae;g__JAKAVN01;s__
MFD05377.bin.2.9	contig_58784_567	Root; Homologous_pmoA; Homologous_Binatales	d__Bacteria;p__Desulfobacterota_B;c__Binatia;o__Binatales;f__Binataceae;g__JAKAVN01;s__
MFD05379.bin.1.13	contig_499_178	Root; pmoA_amoA_pxmA; Methylocystaceae_pmoA1	d__Bacteria;p__Pseudomonadota;c__Alphaproteobacteria;o__Rhizobiales;f__Beijerinckiaceae;g__Methylocystis;s__
MFD05379.bin.1.13	contig_789_27	Root; pmoA_amoA_pxmA; Methylocystaceae_pmoA1	d__Bacteria;p__Pseudomonadota;c__Alphaproteobacteria;o__Rhizobiales;f__Beijerinckiaceae;g__Methylocystis;s__
MFD05379.bin.2.7	contig_38142_25	Root; pmoA_amoA_pxmA; Methylocystaceae_pmoA2	d__Bacteria;p__Pseudomonadota;c__Alphaproteobacteria;o__Rhizobiales;f__Beijerinckiaceae;g__Methylocystis;s__
MFD05379.bin.2.7	contig_6461_34	Root; pmoA_amoA_pxmA; Methylocystaceae_pmoA1	d__Bacteria;p__Pseudomonadota;c__Alphaproteobacteria;o__Rhizobiales;f__Beijerinckiaceae;g__Methylocystis;s__
MFD05442.bin.2.1	contig_5835_345	Root; pmoA_amoA_pxmA; Homologous_MO	d__Bacteria;p__Pseudomonadota;c__Alphaproteobacteria;o__Rhizobiales;f__Methyloligellaceae;g__Methyloceanibacter;s__
MFD05442.bin.2.1	contig_5835_373	Root; pmoA_amoA_pxmA; Homologous_MO	d__Bacteria;p__Pseudomonadota;c__Alphaproteobacteria;o__Rhizobiales;f__Methyloligellaceae;g__Methyloceanibacter;s__
MFD05454.bin.2.206	contig_30009_186	Root; Homologous_pmoA; Homologous_Binatales	d__Bacteria;p__Desulfobacterota_B;c__Binatia;o__Bin18;f__Bin18;g__VGTJ01;s__
MFD05502.bin.2.75	contig_62604_13	Root; pmoA_amoA_pxmA; Methylocystaceae_pmoA1	d__Bacteria;p__Pseudomonadota;c__Alphaproteobacteria;o__Rhizobiales;f__Beijerinckiaceae;g__Methylocystis;s__
MFD05502.bin.2.75	contig_6479_233	Root; pmoA_amoA_pxmA; Methylocystaceae_pmoA1	d__Bacteria;p__Pseudomonadota;c__Alphaproteobacteria;o__Rhizobiales;f__Beijerinckiaceae;g__Methylocystis;s__
MFD05512.bin.1.245	contig_7583_457	Root; Homologous_pmoA; Homologous_Binatales	d__Bacteria;p__Desulfobacterota_B;c__Binatia;o__Binatales;f__Binataceae;g__JAKAVN01;s__
MFD05512.bin.2.109	contig_12527_54	Root; pmoA_amoA_pxmA; Methylocystaceae_pmoA1	d__Bacteria;p__Pseudomonadota;c__Alphaproteobacteria;o__Rhizobiales;f__Beijerinckiaceae;g__Methylocystis;s__
MFD05512.bin.2.109	contig_5582_52	Root; pmoA_amoA_pxmA; Methylocystaceae_pmoA2	d__Bacteria;p__Pseudomonadota;c__Alphaproteobacteria;o__Rhizobiales;f__Beijerinckiaceae;g__Methylocystis;s__
MFD05512.bin.2.109	contig_7223_12	Root; pmoA_amoA_pxmA; Methylocystaceae_pmoA1	d__Bacteria;p__Pseudomonadota;c__Alphaproteobacteria;o__Rhizobiales;f__Beijerinckiaceae;g__Methylocystis;s__
MFD05513.bin.2.207	contig_35977_41	Root; Homologous_pmoA; Homologous_Binatales	d__Bacteria;p__Desulfobacterota_B;c__Binatia;o__Binatales;f__Binataceae;g__JAKAVN01;s__
MFD05521.bin.2.225	contig_7074_95	Root; Homologous_pmoA; Homologous_Binatales	d__Bacteria;p__Desulfobacterota_B;c__Binatia;o__Binatales;f__Binataceae;g__JAKAVN01;s__
MFD05580.bin.2.10	contig_25634_101	Root; pmoA_amoA_pxmA; Beijerinckiaceae_pmoA; USCa	d__Bacteria;p__Pseudomonadota;c__Alphaproteobacteria;o__Rhizobiales;f__Beijerinckiaceae;g__Methylocella;s__Methylocella sp003162995
MFD05580.bin.2.10	contig_32372_80	Root; pmoA_amoA_pxmA; pxmA; Alphaproteobacteria_pxmA	d__Bacteria;p__Pseudomonadota;c__Alphaproteobacteria;o__Rhizobiales;f__Beijerinckiaceae;g__Methylocella;s__Methylocella sp003162995
MFD05580.bin.3.135	contig_3211_157	Root; pmoA_amoA_pxmA; Methylocystaceae_pmoA2	d__Bacteria;p__Pseudomonadota;c__Alphaproteobacteria;o__Rhizobiales;f__Beijerinckiaceae;g__Methylocystis;s__
MFD05674.bin.2.70	contig_28599_305	Root; pmoA_amoA_pxmA; pxmA; Alphaproteobacteria_pxmA	d__Bacteria;p__Pseudomonadota;c__Alphaproteobacteria;o__Rhizobiales;f__Beijerinckiaceae;g__Methylocystis;s__
MFD05674.bin.2.70	contig_41049_686	Root; pmoA_amoA_pxmA; Methylocystaceae_pmoA1	d__Bacteria;p__Pseudomonadota;c__Alphaproteobacteria;o__Rhizobiales;f__Beijerinckiaceae;g__Methylocystis;s__
MFD05674.bin.2.72	contig_28398_7	Root; pmoA_amoA_pxmA; Methylocystaceae_pmoA1	d__Bacteria;p__Pseudomonadota;c__Alphaproteobacteria;o__Rhizobiales;f__Beijerinckiaceae;g__Methylocystis;s__Methylocystis rosea
MFD05674.bin.2.72	contig_28475_216	Root; pmoA_amoA_pxmA; pxmA; Alphaproteobacteria_pxmA	d__Bacteria;p__Pseudomonadota;c__Alphaproteobacteria;o__Rhizobiales;f__Beijerinckiaceae;g__Methylocystis;s__Methylocystis rosea
MFD05747.bin.2.8	contig_6529_132	Root; pmoA_amoA_pxmA; Gammaproteobacteria_pmoA; USCg	d__Bacteria;p__Pseudomonadota;c__Gammaproteobacteria;o__JACCXJ01;f__JACCXJ01;g__USCg-Taylor;s__USCg-Taylor sp002007425
MFD05747.bin.2.8	contig_6529_193	Root; pmoA_amoA_pxmA; pxmA	d__Bacteria;p__Pseudomonadota;c__Gammaproteobacteria;o__JACCXJ01;f__JACCXJ01;g__USCg-Taylor;s__USCg-Taylor sp002007425
MFD05942.bin.2.125	contig_24298_79	Root; pmoA_amoA_pxmA; Hyphomicrobiaceae_pmoA	d__Bacteria;p__Pseudomonadota;c__Alphaproteobacteria;o__Rhizobiales;f__Rhodomicrobiaceae;g__Rhodomicrobium;s__
MFD05942.bin.2.321	contig_47238_58	Root; pmoA_amoA_pxmA; Methylocystaceae_pmoA1	d__Bacteria;p__Pseudomonadota;c__Alphaproteobacteria;o__Rhizobiales;f__Beijerinckiaceae;g__Methylocystis;s__
MFD05942.bin.2.321	contig_5662_51	Root; pmoA_amoA_pxmA; Methylocystaceae_pmoA1	d__Bacteria;p__Pseudomonadota;c__Alphaproteobacteria;o__Rhizobiales;f__Beijerinckiaceae;g__Methylocystis;s__
MFD05942.bin.3.546	contig_55104_154	Root; pmoA_amoA_pxmA; Methylocystaceae_pmoA1	d__Bacteria;p__Pseudomonadota;c__Alphaproteobacteria;o__Rhizobiales;f__Beijerinckiaceae;g__Methylocystis;s__Methylocystis sp021731785
MFD06085.bin.1.7	contig_7743_1981	Root; pmoA_amoA_pxmA; Hyphomicrobiaceae_pmoA	d__Bacteria;p__Pseudomonadota;c__Alphaproteobacteria;o__Rhizobiales;f__Rhodomicrobiaceae;g__Rhodomicrobium;s__
MFD06085.bin.2.5	contig_38100_33	Root; Homologous_pmoA; Homologous_Binatales	d__Bacteria;p__Desulfobacterota_B;c__Binatia;o__Binatales;f__Binataceae;g__JAKAVN01;s__
MFD06085.bin.2.99	contig_10080_9	Root; pmoA_amoA_pxmA; Beijerinckiaceae_pmoA; USCa	d__Bacteria;p__Pseudomonadota;c__Alphaproteobacteria;o__Rhizobiales;f__Beijerinckiaceae;g__Methylocella;s__
MFD06092.bin.1.44	contig_10072_541	Root; pmoA_amoA_pxmA; Beijerinckiaceae_pmoA; USCa	d__Bacteria;p__Pseudomonadota;c__Alphaproteobacteria;o__Rhizobiales;f__Beijerinckiaceae;g__Methylocella;s__
MFD06092.bin.1.44	contig_7472_664	Root; pmoA_amoA_pxmA; pxmA; Alphaproteobacteria_pxmA	d__Bacteria;p__Pseudomonadota;c__Alphaproteobacteria;o__Rhizobiales;f__Beijerinckiaceae;g__Methylocella;s__
MFD06229.bin.3.378	contig_19751_203	Root; pmoA_amoA_pxmA; amoA; Nitrospira_clade_B	d__Bacteria;p__Nitrospirota;c__Nitrospiria;o__Nitrospirales;f__Nitrospiraceae;g__Palsa-1315;s__
MFD06435.bin.1.17	contig_74931_152	Root; pmoA_amoA_pxmA; Beijerinckiaceae_pmoA; USCa	d__Bacteria;p__Pseudomonadota;c__Alphaproteobacteria;o__Rhizobiales;f__Beijerinckiaceae;g__Methylocella;s__
MFD06435.bin.2.135	contig_42518_322	Root; Homologous_pmoA; Homologous_Binatales	d__Bacteria;p__Desulfobacterota_B;c__Binatia;o__Binatales;f__Binataceae;g__JAKAVN01;s__
MFD06435.bin.2.184	contig_104955_10	Root; pmoA_amoA_pxmA; pxmA; Alphaproteobacteria_pxmA	d__Bacteria;p__Pseudomonadota;c__Alphaproteobacteria;o__Rhizobiales;f__Beijerinckiaceae;g__Methylocella;s__Methylocella sp003162995
MFD06435.bin.2.184	contig_25847_79	Root; pmoA_amoA_pxmA; Beijerinckiaceae_pmoA; USCa	d__Bacteria;p__Pseudomonadota;c__Alphaproteobacteria;o__Rhizobiales;f__Beijerinckiaceae;g__Methylocella;s__Methylocella sp003162995
MFD06435.bin.2.184	contig_87810_21	Root; pmoA_amoA_pxmA; pxmA; Alphaproteobacteria_pxmA	d__Bacteria;p__Pseudomonadota;c__Alphaproteobacteria;o__Rhizobiales;f__Beijerinckiaceae;g__Methylocella;s__Methylocella sp003162995
MFD06435.bin.2.46	contig_57816_42	Root; Homologous_pmoA; Homologous_Binatales	d__Bacteria;p__Desulfobacterota_B;c__Binatia;o__Binatales;f__Binataceae;g__JAKAVN01;s__
MFD06526.bin.2.139	contig_30735_35	Root; pmoA_amoA_pxmA; pxmA; Alphaproteobacteria_pxmA	d__Bacteria;p__Pseudomonadota;c__Alphaproteobacteria;o__Rhizobiales;f__Beijerinckiaceae;g__Methylocella;s__
MFD06526.bin.2.139	contig_9119_126	Root; pmoA_amoA_pxmA; pxmA; Alphaproteobacteria_pxmA	d__Bacteria;p__Pseudomonadota;c__Alphaproteobacteria;o__Rhizobiales;f__Beijerinckiaceae;g__Methylocella;s__
MFD06714.bin.2.191	contig_18613_1211	Root; Homologous_pmoA; Homologous_Binatales	d__Bacteria;p__Desulfobacterota_B;c__Binatia;o__Binatales;f__Binataceae;g__JAKAVN01;s__
MFD07639.bin.1.70	contig_12321_463	Root; pmoA_amoA_pxmA; amoA; Betaproteobacteria_amoA	d__Bacteria;p__Pseudomonadota;c__Gammaproteobacteria;o__Burkholderiales;f__Nitrosomonadaceae;g__Nitrosospira;s__
MFD07639.bin.1.70	contig_12321_680	Root; pmoA_amoA_pxmA; amoA; Betaproteobacteria_amoA	d__Bacteria;p__Pseudomonadota;c__Gammaproteobacteria;o__Burkholderiales;f__Nitrosomonadaceae;g__Nitrosospira;s__
MFD07639.bin.1.70	contig_12611_589	Root; pmoA_amoA_pxmA; amoA; Betaproteobacteria_amoA	d__Bacteria;p__Pseudomonadota;c__Gammaproteobacteria;o__Burkholderiales;f__Nitrosomonadaceae;g__Nitrosospira;s__
MFD07639.bin.2.46	contig_19125_103	Root; pmoA_amoA_pxmA; amoA; Betaproteobacteria_amoA	d__Bacteria;p__Pseudomonadota;c__Gammaproteobacteria;o__Burkholderiales;f__Nitrosomonadaceae;g__Nitrosospira;s__
MFD07639.bin.2.46	contig_19373_6	Root; pmoA_amoA_pxmA; amoA; Betaproteobacteria_amoA	d__Bacteria;p__Pseudomonadota;c__Gammaproteobacteria;o__Burkholderiales;f__Nitrosomonadaceae;g__Nitrosospira;s__
MFD07691.bin.2.41	contig_21867_130	Root; pmoA_amoA_pxmA; amoA; Betaproteobacteria_amoA	d__Bacteria;p__Pseudomonadota;c__Gammaproteobacteria;o__Burkholderiales;f__Nitrosomonadaceae;g__Nitrosospira;s__
MFD07691.bin.2.41	contig_8592_105	Root; pmoA_amoA_pxmA; amoA; Betaproteobacteria_amoA	d__Bacteria;p__Pseudomonadota;c__Gammaproteobacteria;o__Burkholderiales;f__Nitrosomonadaceae;g__Nitrosospira;s__
MFD07691.bin.2.41	contig_8596_47	Root; pmoA_amoA_pxmA; amoA; Betaproteobacteria_amoA	d__Bacteria;p__Pseudomonadota;c__Gammaproteobacteria;o__Burkholderiales;f__Nitrosomonadaceae;g__Nitrosospira;s__
MFD07841.bin.2.30	contig_13716_59	Root; pmoA_amoA_pxmA; amoA; Betaproteobacteria_amoA	d__Bacteria;p__Pseudomonadota;c__Gammaproteobacteria;o__Burkholderiales;f__Nitrosomonadaceae;g__Nitrosospira;s__
MFD07841.bin.2.30	contig_16472_1	Root; pmoA_amoA_pxmA; amoA; Betaproteobacteria_amoA	d__Bacteria;p__Pseudomonadota;c__Gammaproteobacteria;o__Burkholderiales;f__Nitrosomonadaceae;g__Nitrosospira;s__
MFD08079.bin.2.53	contig_19437_296	Root; pmoA_amoA_pxmA; amoA; Betaproteobacteria_amoA	d__Bacteria;p__Pseudomonadota;c__Gammaproteobacteria;o__Burkholderiales;f__Nitrosomonadaceae;g__Nitrosospira;s__Nitrosospira sp900113575
MFD08079.bin.2.53	contig_9960_147	Root; pmoA_amoA_pxmA; amoA; Betaproteobacteria_amoA	d__Bacteria;p__Pseudomonadota;c__Gammaproteobacteria;o__Burkholderiales;f__Nitrosomonadaceae;g__Nitrosospira;s__Nitrosospira sp900113575
MFD08416.bin.2.11	contig_9892_215	Root; pmoA_amoA_pxmA; amoA; Betaproteobacteria_amoA	d__Bacteria;p__Pseudomonadota;c__Gammaproteobacteria;o__Burkholderiales;f__Nitrosomonadaceae;g__Nitrosospira;s__
MFD08416.bin.2.11	contig_9895_31	Root; pmoA_amoA_pxmA; amoA; Betaproteobacteria_amoA	d__Bacteria;p__Pseudomonadota;c__Gammaproteobacteria;o__Burkholderiales;f__Nitrosomonadaceae;g__Nitrosospira;s__
MFD08462.bin.2.33	contig_68705_74	Root; pmoA_amoA_pxmA; amoA; Betaproteobacteria_amoA	d__Bacteria;p__Pseudomonadota;c__Gammaproteobacteria;o__Burkholderiales;f__Nitrosomonadaceae;g__Nitrosospira;s__
MFD08497.bin.2.142	contig_132119_5	Root; pmoA_amoA_pxmA; Gammaproteobacteria_pmoA; USCg	d__Bacteria;p__Pseudomonadota;c__Gammaproteobacteria;o__JACCXJ01;f__JACCXJ01;g__JACCXJ01;s__
MFD08669.bin.2.104	contig_764_80	Root; pmoA_amoA_pxmA; amoA; Betaproteobacteria_amoA	d__Bacteria;p__Pseudomonadota;c__Gammaproteobacteria;o__Burkholderiales;f__Nitrosomonadaceae;g__Nitrosospira;s__
MFD08669.bin.2.104	contig_765_27	Root; pmoA_amoA_pxmA; amoA; Betaproteobacteria_amoA	d__Bacteria;p__Pseudomonadota;c__Gammaproteobacteria;o__Burkholderiales;f__Nitrosomonadaceae;g__Nitrosospira;s__
MFD08669.bin.2.104	contig_767_76	Root; pmoA_amoA_pxmA; amoA; Betaproteobacteria_amoA	d__Bacteria;p__Pseudomonadota;c__Gammaproteobacteria;o__Burkholderiales;f__Nitrosomonadaceae;g__Nitrosospira;s__
MFD08700.bin.1.68	contig_14531_130	Root; pmoA_amoA_pxmA; amoA; Betaproteobacteria_amoA	d__Bacteria;p__Pseudomonadota;c__Gammaproteobacteria;o__Burkholderiales;f__Nitrosomonadaceae;g__Nitrosospira;s__
MFD08700.bin.1.68	contig_33715_8	Root; pmoA_amoA_pxmA; amoA; Betaproteobacteria_amoA	d__Bacteria;p__Pseudomonadota;c__Gammaproteobacteria;o__Burkholderiales;f__Nitrosomonadaceae;g__Nitrosospira;s__
MFD08700.bin.2.5	contig_127840_2	Root; pmoA_amoA_pxmA; amoA; Betaproteobacteria_amoA	d__Bacteria;p__Pseudomonadota;c__Gammaproteobacteria;o__Burkholderiales;f__Nitrosomonadaceae;g__Nitrosospira;s__
MFD08700.bin.2.5	contig_41685_44	Root; pmoA_amoA_pxmA; amoA; Betaproteobacteria_amoA	d__Bacteria;p__Pseudomonadota;c__Gammaproteobacteria;o__Burkholderiales;f__Nitrosomonadaceae;g__Nitrosospira;s__
MFD08700.bin.2.5	contig_64429_3	Root; pmoA_amoA_pxmA; amoA; Betaproteobacteria_amoA	d__Bacteria;p__Pseudomonadota;c__Gammaproteobacteria;o__Burkholderiales;f__Nitrosomonadaceae;g__Nitrosospira;s__
MFD08700.bin.2.5	contig_73691_3	Root; pmoA_amoA_pxmA; amoA; Betaproteobacteria_amoA	d__Bacteria;p__Pseudomonadota;c__Gammaproteobacteria;o__Burkholderiales;f__Nitrosomonadaceae;g__Nitrosospira;s__
MFD08767.bin.2.26	contig_11775_73	Root; pmoA_amoA_pxmA; amoA; Betaproteobacteria_amoA	d__Bacteria;p__Pseudomonadota;c__Gammaproteobacteria;o__Burkholderiales;f__Nitrosomonadaceae;g__Nitrosospira;s__
MFD08767.bin.2.59	contig_1027_93	Root; pmoA_amoA_pxmA; amoA; Betaproteobacteria_amoA	d__Bacteria;p__Pseudomonadota;c__Gammaproteobacteria;o__Burkholderiales;f__Nitrosomonadaceae;g__Nitrosospira;s__Nitrosospira sp900113575
MFD08767.bin.2.59	contig_33549_52	Root; pmoA_amoA_pxmA; amoA; Betaproteobacteria_amoA	d__Bacteria;p__Pseudomonadota;c__Gammaproteobacteria;o__Burkholderiales;f__Nitrosomonadaceae;g__Nitrosospira;s__Nitrosospira sp900113575
MFD08767.bin.2.59	contig_798_114	Root; pmoA_amoA_pxmA; amoA; Betaproteobacteria_amoA	d__Bacteria;p__Pseudomonadota;c__Gammaproteobacteria;o__Burkholderiales;f__Nitrosomonadaceae;g__Nitrosospira;s__Nitrosospira sp900113575
MFD08821.bin.1.33	contig_120165_136	Root; pmoA_amoA_pxmA; amoA; Betaproteobacteria_amoA	d__Bacteria;p__Pseudomonadota;c__Gammaproteobacteria;o__Burkholderiales;f__Nitrosomonadaceae;g__Nitrosospira;s__
MFD08821.bin.1.33	contig_38848_360	Root; pmoA_amoA_pxmA; amoA; Betaproteobacteria_amoA	d__Bacteria;p__Pseudomonadota;c__Gammaproteobacteria;o__Burkholderiales;f__Nitrosomonadaceae;g__Nitrosospira;s__
MFD08821.bin.1.33	contig_38848_559	Root; pmoA_amoA_pxmA; amoA; Betaproteobacteria_amoA	d__Bacteria;p__Pseudomonadota;c__Gammaproteobacteria;o__Burkholderiales;f__Nitrosomonadaceae;g__Nitrosospira;s__
MFD09018.bin.3.157	contig_10181_158	Root; pmoA_amoA_pxmA; amoA; Betaproteobacteria_amoA	d__Bacteria;p__Pseudomonadota;c__Gammaproteobacteria;o__Burkholderiales;f__Nitrosomonadaceae;g__Nitrosospira;s__
MFD09286.bin.1.91	contig_34279_98	Root; Homologous_pmoA; Homologous_Binatales	d__Bacteria;p__Desulfobacterota_B;c__Binatia;o__Binatales;f__Binataceae;g__JAKAVN01;s__
MFD09286.bin.2.75	contig_39851_100	Root; pmoA_amoA_pxmA; Beijerinckiaceae_pmoA; USCa	d__Bacteria;p__Pseudomonadota;c__Alphaproteobacteria;o__Rhizobiales;f__Beijerinckiaceae;g__Methylocella;s__Methylocella sp003162995
MFD09567.bin.2.57	contig_95161_118	Root; pmoA_amoA_pxmA; Hyphomicrobiaceae_pmoA	d__Bacteria;p__Pseudomonadota;c__Alphaproteobacteria;o__Rhizobiales;f__Rhodomicrobiaceae;g__Rhodomicrobium;s__
MFD09567.bin.2.86	contig_48742_73	Root; pmoA_amoA_pxmA; Methylocystaceae_pmoA1	d__Bacteria;p__Verrucomicrobiota;c__Verrucomicrobiae;o__Limisphaerales;f__UBA11358;g__UBA7542;s__
MFD09730.bin.2.86	contig_11452_393	Root; pmoA_amoA_pxmA; Methylocystaceae_pmoA1	d__Bacteria;p__Pseudomonadota;c__Alphaproteobacteria;o__Rhizobiales;f__Beijerinckiaceae;g__Methylocystis;s__Methylocystis sp015709515
MFD09730.bin.2.86	contig_45148_38	Root; pmoA_amoA_pxmA; Methylocystaceae_pmoA1	d__Bacteria;p__Pseudomonadota;c__Alphaproteobacteria;o__Rhizobiales;f__Beijerinckiaceae;g__Methylocystis;s__Methylocystis sp015709515
MFD09730.bin.2.86	contig_6022_11	Root; pmoA_amoA_pxmA; pxmA; Alphaproteobacteria_pxmA	d__Bacteria;p__Pseudomonadota;c__Alphaproteobacteria;o__Rhizobiales;f__Beijerinckiaceae;g__Methylocystis;s__Methylocystis sp015709515
MFD09730.bin.2.90	contig_33417_15	Root; pmoA_amoA_pxmA; amoA; Nitrospira_clade_B	d__Bacteria;p__Nitrospirota;c__Nitrospiria;o__Nitrospirales;f__Nitrospiraceae;g__Palsa-1315;s__
MFD09848.bin.2.48	contig_12780_92	Root; pmoA_amoA_pxmA; amoA; Betaproteobacteria_amoA	d__Bacteria;p__Pseudomonadota;c__Gammaproteobacteria;o__Burkholderiales;f__Nitrosomonadaceae;g__Nitrosospira;s__Nitrosospira sp900113575
MFD09848.bin.2.48	contig_12781_2	Root; pmoA_amoA_pxmA; amoA; Betaproteobacteria_amoA	d__Bacteria;p__Pseudomonadota;c__Gammaproteobacteria;o__Burkholderiales;f__Nitrosomonadaceae;g__Nitrosospira;s__Nitrosospira sp900113575
MFD10007.bin.2.109	contig_9940_75	Root; pmoA_amoA_pxmA; amoA; Nitrospira_clade_B	d__Bacteria;p__Nitrospirota;c__Nitrospiria;o__Nitrospirales;f__Nitrospiraceae;g__Palsa-1315;s__
MFD10007.bin.3.424	contig_12425_70	Root; pmoA_amoA_pxmA; Methylocystaceae_pmoA1	d__Bacteria;p__Pseudomonadota;c__Alphaproteobacteria;o__Rhizobiales;f__Beijerinckiaceae;g__Methylocystis;s__
MFD10007.bin.3.424	contig_56887_125	Root; pmoA_amoA_pxmA; pxmA; Alphaproteobacteria_pxmA	d__Bacteria;p__Pseudomonadota;c__Alphaproteobacteria;o__Rhizobiales;f__Beijerinckiaceae;g__Methylocystis;s__
MFD10064.bin.2.9	contig_12589_95	Root; Homologous_pmoA; Homologous_Binatales	d__Bacteria;p__Desulfobacterota_B;c__Binatia;o__Binatales;f__Binataceae;g__JAKAVN01;s__
MFD10071.bin.2.114	contig_41433_128	Root; Homologous_pmoA; Homologous_Binatales	d__Bacteria;p__Desulfobacterota_B;c__Binatia;o__Binatales;f__Binataceae;g__JAKAVN01;s__
MFD10071.bin.2.77	contig_33867_63	Root; Homologous_pmoA; Homologous_Binatales	d__Bacteria;p__Desulfobacterota_B;c__Binatia;o__Binatales;f__Binataceae;g__JAMXLL01;s__
MFD10071.bin.2.99	contig_34530_49	Root; Homologous_pmoA; Homologous_Binatales	d__Bacteria;p__Desulfobacterota_B;c__Binatia;o__Binatales;f__Binataceae;g__JAKAVN01;s__
MFD10071.bin.3.40	contig_35784_50	Root; pmoA_amoA_pxmA; Beijerinckiaceae_pmoA; USCa	d__Bacteria;p__Pseudomonadota;c__Alphaproteobacteria;o__Rhizobiales;f__Beijerinckiaceae;g__Methylocella;s__
MFD10097.bin.2.25	contig_3506_7	Root; pmoA_amoA_pxmA; Methylocystaceae_pmoA1	d__Bacteria;p__Pseudomonadota;c__Alphaproteobacteria;o__Rhizobiales;f__Beijerinckiaceae;g__Methylosinus;s__
MFD10097.bin.2.3	contig_2876_91	Root; pmoA_amoA_pxmA; Methylocystaceae_pmoA2	d__Bacteria;p__Pseudomonadota;c__Alphaproteobacteria;o__Rhizobiales;f__Beijerinckiaceae;g__Methylocystis;s__Methylocystis silviterrae
MFD10097.bin.2.3	contig_372_140	Root; pmoA_amoA_pxmA; Methylocystaceae_pmoA1	d__Bacteria;p__Pseudomonadota;c__Alphaproteobacteria;o__Rhizobiales;f__Beijerinckiaceae;g__Methylocystis;s__Methylocystis silviterrae
MFD10097.bin.2.3	contig_407_83	Root; pmoA_amoA_pxmA; Methylocystaceae_pmoA1	d__Bacteria;p__Pseudomonadota;c__Alphaproteobacteria;o__Rhizobiales;f__Beijerinckiaceae;g__Methylocystis;s__Methylocystis silviterrae
MFD10097.bin.2.3	contig_8781_35	Root; pmoA_amoA_pxmA; pxmA; Alphaproteobacteria_pxmA	d__Bacteria;p__Pseudomonadota;c__Alphaproteobacteria;o__Rhizobiales;f__Beijerinckiaceae;g__Methylocystis;s__Methylocystis silviterrae
